event_url,event_name,location,year,partner_name,partner_url
https://ethglobal.com/events/agents,ETHGlobal Agents,Agents,2025,Autono,https://www.autono.meme/
https://ethglobal.com/events/agents,ETHGlobal Agents,Agents,2025,Gaianet,https://www.gaianet.ai
https://ethglobal.com/events/agents,ETHGlobal Agents,Agents,2025,Nethermind,https://www.nethermind.io/
https://ethglobal.com/events/agents,ETHGlobal Agents,Agents,2025,Flow,https://flow.com/
https://ethglobal.com/events/agents,ETHGlobal Agents,Agents,2025,Litprotocol,https://litprotocol.com/
https://ethglobal.com/events/agents,ETHGlobal Agents,Agents,2025,Wardenprotocol,https://wardenprotocol.org/
https://ethglobal.com/events/taipei,ETHGlobal Taipei,Taipei,2025,Curvegrid,http://www.curvegrid.com
https://ethglobal.com/events/taipei,ETHGlobal Taipei,Taipei,2025,Ens,https://ens.domains
https://ethglobal.com/events/taipei,ETHGlobal Taipei,Taipei,2025,Circle,https://circle.com
https://ethglobal.com/events/taipei,ETHGlobal Taipei,Taipei,2025,Polygon,https://polygon.technology/
https://ethglobal.com/events/taipei,ETHGlobal Taipei,Taipei,2025,Flow,https://flow.com/
https://ethglobal.com/events/taipei,ETHGlobal Taipei,Taipei,2025,Privy,https://www.privy.io/
https://ethglobal.com/events/taipei,ETHGlobal Taipei,Taipei,2025,Gnosis,https://gnosis.io
https://ethglobal.com/events/prague,ETHGlobal Prague,Prague,2025,Blockscout,https://www.blockscout.com/
https://ethglobal.com/events/prague,ETHGlobal Prague,Prague,2025,Polygon,https://polygon.technology/
https://ethglobal.com/events/prague,ETHGlobal Prague,Prague,2025,Vlayer,https://www.vlayer.xyz/
https://ethglobal.com/events/prague,ETHGlobal Prague,Prague,2025,Hedera,https://hedera.com/
https://ethglobal.com/events/prague,ETHGlobal Prague,Prague,2025,Flare,https://flare.network/
https://ethglobal.com/events/prague,ETHGlobal Prague,Prague,2025,Flow,https://flow.com/
https://ethglobal.com/events/prague,ETHGlobal Prague,Prague,2025,Privy,https://www.privy.io/
https://ethglobal.com/events/cannes,ETHGlobal Cannes,Cannes,2025,Flow,https://flow.com/
https://ethglobal.com/events/cannes,ETHGlobal Cannes,Cannes,2025,Ens,https://ens.domains
https://ethglobal.com/events/cannes,ETHGlobal Cannes,Cannes,2025,Circle,https://circle.com
https://ethglobal.com/events/cannes,ETHGlobal Cannes,Cannes,2025,Polygon,https://polygon.technology/
https://ethglobal.com/events/cannes,ETHGlobal Cannes,Cannes,2025,Availproject,https://www.availproject.org/
https://ethglobal.com/events/cannes,ETHGlobal Cannes,Cannes,2025,Ledger,https://ledger.com
https://ethglobal.com/events/cannes,ETHGlobal Cannes,Cannes,2025,Flare,https://flare.network/
https://ethglobal.com/events/cannes,ETHGlobal Cannes,Cannes,2025,Oasisprotocol,https://oasisprotocol.org/
https://ethglobal.com/events/newyork2025,ETH Global New York,New York,2025,Ens,https://ens.domains
https://ethglobal.com/events/newyork2025,ETHGlobal Newyork2025,New York,2025,Circle,https://circle.com
https://ethglobal.com/events/newyork2025,ETHGlobal Newyork2025,New York,2025,Ledger,https://ledger.com
https://ethglobal.com/events/newyork2025,ETHGlobal Newyork2025,New York,2025,Vlayer,https://www.vlayer.xyz/
https://ethglobal.com/events/newyork2025,ETHGlobal Newyork2025,New York,2025,Hedera,https://hedera.com/
https://ethglobal.com/events/newyork2025,ETHGlobal Newyork2025,New York,2025,Flare,https://flare.network/
https://ethglobal.com/events/newyork2025,ETHGlobal Newyork2025,New York,2025,Litprotocol,https://litprotocol.com/
https://ethglobal.com/events/newyork2025,ETHGlobal Newyork2025,New York,2025,Privy,https://www.privy.io/
https://ethglobal.com/events/newdelhi,ETHGlobal Newdelhi,New Delhi,2025,Ens,https://ens.domains
https://ethglobal.com/events/newdelhi,ETHGlobal Newdelhi,New Delhi,2025,Polygon,https://polygon.technology/
https://ethglobal.com/events/newdelhi,ETHGlobal Newdelhi,New Delhi,2025,Hedera,https://hedera.com/
https://ethglobal.com/events/ethonline-2025,Ethonline 2025,ETHOnline,2025,Availproject,https://www.availproject.org/
https://ethglobal.com/events/ethonline-2025,Ethonline 2025,ETHOnline,2025,Blockscout,https://www.blockscout.com/
https://ethglobal.com/events/ethonline-2025,Ethonline 2025,ETHOnline,2025,Altlayer,https://www.altlayer.io/
https://ethglobal.com/events/ethonline-2025,Ethonline 2025,ETHOnline,2025,Envio,https://envio.dev/
https://ethglobal.com/events/ethonline-2025,Ethonline 2025,ETHOnline,2025,Litprotocol,https://litprotocol.com/
https://ethglobal.com/events/ethglobal-devconnect,Ethglobal Devconnect,ETHGlobal Devconnect,2025,Ledger,https://ledger.com
https://ethglobal.com/events/ethglobal-devconnect,Ethglobal Devconnect,ETHGlobal Devconnect,2025,Circle,https://circle.com
https://ethglobal.com/events/ethglobal-devconnect,Ethglobal Devconnect,ETHGlobal Devconnect,2025,Nethermind,https://www.nethermind.io/
https://ethglobal.com/events/ethglobal-devconnect,Ethglobal Devconnect,ETHGlobal Devconnect,2025,Flare,https://flare.network/
https://ethglobal.com/events/ethglobal-devconnect,Ethglobal Devconnect,ETHGlobal Devconnect,2025,Hedera,https://hedera.com/
https://ethglobal.com/events/ethglobal-devconnect,Ethglobal Devconnect,ETHGlobal Devconnect,2025,Availproject,https://www.availproject.org/
https://ethglobal.com/events/ethglobal-devconnect,Ethglobal Devconnect,ETHGlobal Devconnect,2025,Polygon,https://polygon.technology/
https://ethglobal.com/events/ethglobal-devconnect,Ethglobal Devconnect,ETHGlobal Devconnect,2025,Oasisprotocol,https://oasisprotocol.org/
https://ethglobal.com/events/ethglobal-devconnect,Ethglobal Devconnect,ETHGlobal Devconnect,2025,Curvegrid,http://www.curvegrid.com
https://ethglobal.com/events/ethglobal-devconnect,Ethglobal Devconnect,ETHGlobal Devconnect,2025,Ens,https://ens.domains
https://ethglobal.com/events/ethglobal-devconnect,Ethglobal Devconnect,ETHGlobal Devconnect,2025,Privy,https://www.privy.io/
https://ethglobal.com/events/ethglobal-devconnect,Ethglobal Devconnect,ETHGlobal Devconnect,2025,Gnosis,https://gnosis.io
https://ethglobal.com/events/bangkok,ETHGlobal Bangkok,Bangkok,2024,Bitkubcapital,https://www.bitkubcapital.com/
https://ethglobal.com/events/bangkok,ETHGlobal Bangkok,Bangkok,2024,Coinbase,https://coinbase.com/developer-platform
https://ethglobal.com/events/bangkok,ETHGlobal Bangkok,Bangkok,2024,Plnetwork,https://www.plnetwork.io/
https://ethglobal.com/events/bangkok,ETHGlobal Bangkok,Bangkok,2024,Kinto,https://kinto.xyz/
https://ethglobal.com/events/bangkok,ETHGlobal Bangkok,Bangkok,2024,Polygon,https://polygon.technology/
https://ethglobal.com/events/bangkok,ETHGlobal Bangkok,Bangkok,2024,Sign,https://sign.global/
https://ethglobal.com/events/bangkok,ETHGlobal Bangkok,Bangkok,2024,Arbitrum,https://arbitrum.io/
https://ethglobal.com/events/bangkok,ETHGlobal Bangkok,Bangkok,2024,Flow,https://flow.com/
https://ethglobal.com/events/bangkok,ETHGlobal Bangkok,Bangkok,2024,1Inch,https://1inch.io/
https://ethglobal.com/events/bangkok,ETHGlobal Bangkok,Bangkok,2024,Layerzero,https://layerzero.network/
https://ethglobal.com/events/bangkok,ETHGlobal Bangkok,Bangkok,2024,Uniswapfoundation,https://www.uniswapfoundation.org
https://ethglobal.com/events/bangkok,ETHGlobal Bangkok,Bangkok,2024,Scroll,https://scroll.io
https://ethglobal.com/events/bangkok,ETHGlobal Bangkok,Bangkok,2024,Pyth,https://pyth.network/
https://ethglobal.com/events/bangkok,ETHGlobal Bangkok,Bangkok,2024,Minaprotocol,https://minaprotocol.com/
https://ethglobal.com/events/bangkok,ETHGlobal Bangkok,Bangkok,2024,Chain,https://chain.link/
https://ethglobal.com/events/bangkok,ETHGlobal Bangkok,Bangkok,2024,World,https://world.org
https://ethglobal.com/events/bangkok,ETHGlobal Bangkok,Bangkok,2024,Blockscout,https://www.blockscout.com/
https://ethglobal.com/events/bangkok,ETHGlobal Bangkok,Bangkok,2024,Availproject,https://www.availproject.org/
https://ethglobal.com/events/bangkok,ETHGlobal Bangkok,Bangkok,2024,Hyperlane,https://www.hyperlane.xyz
https://ethglobal.com/events/bangkok,ETHGlobal Bangkok,Bangkok,2024,Nethermind,https://www.nethermind.io/
https://ethglobal.com/events/bangkok,ETHGlobal Bangkok,Bangkok,2024,Web3Auth,https://web3auth.io
https://ethglobal.com/events/bangkok,ETHGlobal Bangkok,Bangkok,2024,Phala,https://phala.network/
https://ethglobal.com/events/bangkok,ETHGlobal Bangkok,Bangkok,2024,Gnosis,https://gnosis.io
https://ethglobal.com/events/bangkok,ETHGlobal Bangkok,Bangkok,2024,Dynamic,https://www.dynamic.xyz/
https://ethglobal.com/events/bangkok,ETHGlobal Bangkok,Bangkok,2024,Ens,https://ens.domains
https://ethglobal.com/events/bangkok,ETHGlobal Bangkok,Bangkok,2024,Push,https://push.org
https://ethglobal.com/events/bangkok,ETHGlobal Bangkok,Bangkok,2024,Vlayer,https://www.vlayer.xyz/
https://ethglobal.com/events/bangkok,ETHGlobal Bangkok,Bangkok,2024,Mantle,https://www.mantle.xyz/
https://ethglobal.com/events/bangkok,ETHGlobal Bangkok,Bangkok,2024,Cow,https://cow.fi/
https://ethglobal.com/events/bangkok,ETHGlobal Bangkok,Bangkok,2024,Circle,https://circle.com
https://ethglobal.com/events/bangkok,ETHGlobal Bangkok,Bangkok,2024,Ledger,https://ledger.com
https://ethglobal.com/events/bangkok,ETHGlobal Bangkok,Bangkok,2024,Inco,https://www.inco.org/
https://ethglobal.com/events/bangkok,ETHGlobal Bangkok,Bangkok,2024,Chiliz,https://www.chiliz.com/developers/
https://ethglobal.com/events/bangkok,ETHGlobal Bangkok,Bangkok,2024,Hedera,https://hedera.com/
https://ethglobal.com/events/bangkok,ETHGlobal Bangkok,Bangkok,2024,Powerloom,https://powerloom.io
https://ethglobal.com/events/bangkok,ETHGlobal Bangkok,Bangkok,2024,Near,https://near.org/
https://ethglobal.com/events/bangkok,ETHGlobal Bangkok,Bangkok,2024,Rootstock,https://rootstock.io/
https://ethglobal.com/events/bangkok,ETHGlobal Bangkok,Bangkok,2024,Biconomy,https://www.biconomy.io/
https://ethglobal.com/events/bangkok,ETHGlobal Bangkok,Bangkok,2024,Chroniclelabs,https://chroniclelabs.org/
https://ethglobal.com/events/bangkok,ETHGlobal Bangkok,Bangkok,2024,Flare,https://flare.network/
https://ethglobal.com/events/bangkok,ETHGlobal Bangkok,Bangkok,2024,Celo,https://www.celo.org
https://ethglobal.com/events/bangkok,ETHGlobal Bangkok,Bangkok,2024,Nillion,https://www.nillion.com/
https://ethglobal.com/events/bangkok,ETHGlobal Bangkok,Bangkok,2024,Zircuit,https://www.zircuit.com/
https://ethglobal.com/events/bangkok,ETHGlobal Bangkok,Bangkok,2024,Cartesi,https://cartesi.io/
https://ethglobal.com/events/bangkok,ETHGlobal Bangkok,Bangkok,2024,Base,https://www.base.org/
https://ethglobal.com/events/bangkok,ETHGlobal Bangkok,Bangkok,2024,Thegraph,https://thegraph.com
https://ethglobal.com/events/bangkok,ETHGlobal Bangkok,Bangkok,2024,Bitdsm,http://bitdsm.org
https://ethglobal.com/events/bangkok,ETHGlobal Bangkok,Bangkok,2024,Neonevm,https://neonevm.org/
https://ethglobal.com/events/bangkok,ETHGlobal Bangkok,Bangkok,2024,Brevis,https://brevis.network/
https://ethglobal.com/events/bangkok,ETHGlobal Bangkok,Bangkok,2024,Blog,https://blog.essential.builders/
https://ethglobal.com/events/bangkok,ETHGlobal Bangkok,Bangkok,2024,Oasisprotocol,https://oasisprotocol.org/
https://ethglobal.com/events/bangkok,ETHGlobal Bangkok,Bangkok,2024,Xmtp,https://xmtp.org/
https://ethglobal.com/events/bangkok,ETHGlobal Bangkok,Bangkok,2024,Rome,https://www.rome.builders/
https://ethglobal.com/events/bangkok,ETHGlobal Bangkok,Bangkok,2024,Liquity,https://liquity.org
https://ethglobal.com/events/bangkok,ETHGlobal Bangkok,Bangkok,2024,Privy,https://www.privy.io/
https://ethglobal.com/events/bangkok,ETHGlobal Bangkok,Bangkok,2024,Curvegrid,http://www.curvegrid.com
https://ethglobal.com/events/bangkok,ETHGlobal Bangkok,Bangkok,2024,Metamask,https://metamask.io/
https://ethglobal.com/events/bangkok,ETHGlobal Bangkok,Bangkok,2024,Nouns,https://nouns.wtf/
https://ethglobal.com/events/bangkok,ETHGlobal Bangkok,Bangkok,2024,Blockless,https://blockless.network/
https://ethglobal.com/events/bangkok,ETHGlobal Bangkok,Bangkok,2024,Euler,https://www.euler.finance/
https://ethglobal.com/events/bangkok,ETHGlobal Bangkok,Bangkok,2024,Fhenix,https://www.fhenix.io/
https://ethglobal.com/events/bangkok,ETHGlobal Bangkok,Bangkok,2024,Litprotocol,https://litprotocol.com/
https://ethglobal.com/events/bangkok,ETHGlobal Bangkok,Bangkok,2024,Arx,https://arx.org
https://ethglobal.com/events/bangkok,ETHGlobal Bangkok,Bangkok,2024,Morphl2,https://www.morphl2.io/
https://ethglobal.com/events/bangkok,ETHGlobal Bangkok,Bangkok,2024,Axelar,https://axelar.network/
https://ethglobal.com/events/bangkok,ETHGlobal Bangkok,Bangkok,2024,Venn,https://venn.build/
https://ethglobal.com/events/bangkok,ETHGlobal Bangkok,Bangkok,2024,Usecapsule,https://usecapsule.com
https://ethglobal.com/events/bangkok,ETHGlobal Bangkok,Bangkok,2024,Kinode,https://Kinode.org
https://ethglobal.com/events/bangkok,ETHGlobal Bangkok,Bangkok,2024,Hyperbolic,https://hyperbolic.xyz/
https://ethglobal.com/events/sanfrancisco2024,ETHGlobal San Francisco 2024,San Francisco,2024,Story,https://www.story.foundation/
https://ethglobal.com/events/sanfrancisco2024,ETHGlobal San Francisco 2024,San Francisco,2024,Sign,https://sign.global/
https://ethglobal.com/events/sanfrancisco2024,ETHGlobal San Francisco 2024,San Francisco,2024,Polygon,https://polygon.technology/
https://ethglobal.com/events/sanfrancisco2024,ETHGlobal San Francisco 2024,San Francisco,2024,Flow,https://flow.com/
https://ethglobal.com/events/sanfrancisco2024,ETHGlobal San Francisco 2024,San Francisco,2024,Airdao,https://airdao.io/
https://ethglobal.com/events/sanfrancisco2024,ETHGlobal San Francisco 2024,San Francisco,2024,Uniswapfoundation,https://www.uniswapfoundation.org
https://ethglobal.com/events/sanfrancisco2024,ETHGlobal San Francisco 2024,San Francisco,2024,Skale,https://skale.space/
https://ethglobal.com/events/sanfrancisco2024,ETHGlobal San Francisco 2024,San Francisco,2024,Layerzero,https://layerzero.network/
https://ethglobal.com/events/sanfrancisco2024,ETHGlobal San Francisco 2024,San Francisco,2024,Nethermind,https://www.nethermind.io/
https://ethglobal.com/events/sanfrancisco2024,ETHGlobal San Francisco 2024,San Francisco,2024,Availproject,https://www.availproject.org/
https://ethglobal.com/events/sanfrancisco2024,ETHGlobal San Francisco 2024,San Francisco,2024,Coinbase,https://coinbase.com/developer-platform
https://ethglobal.com/events/sanfrancisco2024,ETHGlobal San Francisco 2024,San Francisco,2024,Litprotocol,https://litprotocol.com/
https://ethglobal.com/events/sanfrancisco2024,ETHGlobal San Francisco 2024,San Francisco,2024,Circle,https://circle.com
https://ethglobal.com/events/sanfrancisco2024,ETHGlobal San Francisco 2024,San Francisco,2024,Hedera,https://hedera.com/
https://ethglobal.com/events/sanfrancisco2024,ETHGlobal San Francisco 2024,San Francisco,2024,Thegraph,https://thegraph.com
https://ethglobal.com/events/sanfrancisco2024,ETHGlobal San Francisco 2024,San Francisco,2024,Ledger,https://ledger.com
https://ethglobal.com/events/sanfrancisco2024,ETHGlobal San Francisco 2024,San Francisco,2024,Ens,https://ens.domains
https://ethglobal.com/events/sanfrancisco2024,ETHGlobal San Francisco 2024,San Francisco,2024,Delv,https://www.delv.tech/
https://ethglobal.com/events/sanfrancisco2024,ETHGlobal San Francisco 2024,San Francisco,2024,Chroniclelabs,https://chroniclelabs.org/
https://ethglobal.com/events/sanfrancisco2024,ETHGlobal San Francisco 2024,San Francisco,2024,Gnosis,https://www.gnosis.io
https://ethglobal.com/events/sanfrancisco2024,ETHGlobal San Francisco 2024,San Francisco,2024,Neonevm,https://neonevm.org/
https://ethglobal.com/events/sanfrancisco2024,ETHGlobal San Francisco 2024,San Francisco,2024,Rootstock,https://rootstock.io/
https://ethglobal.com/events/sanfrancisco2024,ETHGlobal San Francisco 2024,San Francisco,2024,Near,https://near.org/
https://ethglobal.com/events/sanfrancisco2024,ETHGlobal San Francisco 2024,San Francisco,2024,Xmtp,https://xmtp.org/
https://ethglobal.com/events/sanfrancisco2024,ETHGlobal San Francisco 2024,San Francisco,2024,Walrus,https://www.walrus.xyz/
https://ethglobal.com/events/sanfrancisco2024,ETHGlobal San Francisco 2024,San Francisco,2024,Blog,https://blog.essential.builders/
https://ethglobal.com/events/sanfrancisco2024,ETHGlobal San Francisco 2024,San Francisco,2024,Dynamic,https://www.dynamic.xyz/
https://ethglobal.com/events/sanfrancisco2024,ETHGlobal San Francisco 2024,San Francisco,2024,Zircuit,https://www.zircuit.com/
https://ethglobal.com/events/sanfrancisco2024,ETHGlobal San Francisco 2024,San Francisco,2024,Blockless,https://blockless.network/
https://ethglobal.com/events/sanfrancisco2024,ETHGlobal San Francisco 2024,San Francisco,2024,Unlimit,https://www.unlimit.com/
https://ethglobal.com/events/sanfrancisco2024,ETHGlobal San Francisco 2024,San Francisco,2024,Morphl2,https://www.morphl2.io/
https://ethglobal.com/events/sanfrancisco2024,ETHGlobal San Francisco 2024,San Francisco,2024,Fhenix,https://www.fhenix.io/
https://ethglobal.com/events/sanfrancisco2024,ETHGlobal San Francisco 2024,San Francisco,2024,Phala,https://phala.network/
https://ethglobal.com/events/sanfrancisco2024,ETHGlobal San Francisco 2024,San Francisco,2024,Alchemy,https://www.alchemy.com/
https://ethglobal.com/events/sanfrancisco2024,ETHGlobal San Francisco 2024,San Francisco,2024,Nouns,https://nouns.wtf/
https://ethglobal.com/events/sanfrancisco2024,ETHGlobal San Francisco 2024,San Francisco,2024,Privy,https://www.privy.io/
https://ethglobal.com/events/sanfrancisco2024,ETHGlobal San Francisco 2024,San Francisco,2024,Stackrlabs,https://www.stackrlabs.xyz/
https://ethglobal.com/events/singapore2024,ETHGlobal Singapore 2024,Singapore,2024,Sign,https://sign.global/
https://ethglobal.com/events/singapore2024,ETHGlobal Singapore 2024,Singapore,2024,Airdao,https://airdao.io/
https://ethglobal.com/events/singapore2024,ETHGlobal Singapore 2024,Singapore,2024,World,https://world.org
https://ethglobal.com/events/singapore2024,ETHGlobal Singapore 2024,Singapore,2024,1Inch,https://1inch.io/
https://ethglobal.com/events/singapore2024,ETHGlobal Singapore 2024,Singapore,2024,Uniswapfoundation,https://www.uniswapfoundation.org
https://ethglobal.com/events/singapore2024,ETHGlobal Singapore 2024,Singapore,2024,Minaprotocol,https://minaprotocol.com/
https://ethglobal.com/events/singapore2024,ETHGlobal Singapore 2024,Singapore,2024,Nethermind,https://www.nethermind.io/
https://ethglobal.com/events/singapore2024,ETHGlobal Singapore 2024,Singapore,2024,Gnosis,https://www.gnosis.io
https://ethglobal.com/events/singapore2024,ETHGlobal Singapore 2024,Singapore,2024,Dynamic,https://www.dynamic.xyz/
https://ethglobal.com/events/singapore2024,ETHGlobal Singapore 2024,Singapore,2024,Hyperlane,https://www.hyperlane.xyz
https://ethglobal.com/events/singapore2024,ETHGlobal Singapore 2024,Singapore,2024,Hedera,https://hedera.com/
https://ethglobal.com/events/singapore2024,ETHGlobal Singapore 2024,Singapore,2024,Circle,https://circle.com
https://ethglobal.com/events/singapore2024,ETHGlobal Singapore 2024,Singapore,2024,Thegraph,https://thegraph.com
https://ethglobal.com/events/singapore2024,ETHGlobal Singapore 2024,Singapore,2024,Rootstock,https://rootstock.io/
https://ethglobal.com/events/singapore2024,ETHGlobal Singapore 2024,Singapore,2024,Flow,https://flow.com/
https://ethglobal.com/events/singapore2024,ETHGlobal Singapore 2024,Singapore,2024,Ens,https://ens.domains
https://ethglobal.com/events/singapore2024,ETHGlobal Singapore 2024,Singapore,2024,Chain,https://chain.link/
https://ethglobal.com/events/singapore2024,ETHGlobal Singapore 2024,Singapore,2024,Near,https://near.org/
https://ethglobal.com/events/singapore2024,ETHGlobal Singapore 2024,Singapore,2024,Oasisprotocol,https://oasisprotocol.org/
https://ethglobal.com/events/singapore2024,ETHGlobal Singapore 2024,Singapore,2024,Layerzero,https://layerzero.network/
https://ethglobal.com/events/singapore2024,ETHGlobal Singapore 2024,Singapore,2024,Ethereum,https://ethereum.foundation/
https://ethglobal.com/events/singapore2024,ETHGlobal Singapore 2024,Singapore,2024,Availproject,https://www.availproject.org/
https://ethglobal.com/events/singapore2024,ETHGlobal Singapore 2024,Singapore,2024,Pyth,https://pyth.network/
https://ethglobal.com/events/singapore2024,ETHGlobal Singapore 2024,Singapore,2024,Gaianet,https://www.gaianet.ai
https://ethglobal.com/events/singapore2024,ETHGlobal Singapore 2024,Singapore,2024,Ledger,https://ledger.com
https://ethglobal.com/events/singapore2024,ETHGlobal Singapore 2024,Singapore,2024,Nouns,https://nouns.wtf/
https://ethglobal.com/events/singapore2024,ETHGlobal Singapore 2024,Singapore,2024,Metamask,https://metamask.io/
https://ethglobal.com/events/singapore2024,ETHGlobal Singapore 2024,Singapore,2024,Phala,https://phala.network/
https://ethglobal.com/events/singapore2024,ETHGlobal Singapore 2024,Singapore,2024,Morphl2,https://www.morphl2.io/
https://ethglobal.com/events/singapore2024,ETHGlobal Singapore 2024,Singapore,2024,Reown,https://reown.com/
https://ethglobal.com/events/singapore2024,ETHGlobal Singapore 2024,Singapore,2024,Fhenix,https://www.fhenix.io/
https://ethglobal.com/events/ethonline2024,ETHOnline 2024,ETHOnline,2024,Sign,https://sign.global/
https://ethglobal.com/events/ethonline2024,ETHOnline 2024,ETHOnline,2024,Minaprotocol,https://minaprotocol.com/
https://ethglobal.com/events/ethonline2024,ETHOnline 2024,ETHOnline,2024,Layerzero,https://layerzero.network/
https://ethglobal.com/events/ethonline2024,ETHOnline 2024,ETHOnline,2024,Galadriel,https://www.galadriel.com/
https://ethglobal.com/events/ethonline2024,ETHOnline 2024,ETHOnline,2024,Ssv,https://ssv.network/
https://ethglobal.com/events/ethonline2024,ETHOnline 2024,ETHOnline,2024,Litprotocol,https://litprotocol.com/
https://ethglobal.com/events/ethonline2024,ETHOnline 2024,ETHOnline,2024,Kinto,https://kinto.xyz/
https://ethglobal.com/events/ethonline2024,ETHOnline 2024,ETHOnline,2024,Rootstock,https://rootstock.io/
https://ethglobal.com/events/ethonline2024,ETHOnline 2024,ETHOnline,2024,Hedera,https://hedera.com/
https://ethglobal.com/events/ethonline2024,ETHOnline 2024,ETHOnline,2024,Chain,https://chain.link/
https://ethglobal.com/events/ethonline2024,ETHOnline 2024,ETHOnline,2024,Xmtp,https://xmtp.org/
https://ethglobal.com/events/ethonline2024,ETHOnline 2024,ETHOnline,2024,Chiliz,https://www.chiliz.com/developers/
https://ethglobal.com/events/ethonline2024,ETHOnline 2024,ETHOnline,2024,Dimo,https://dimo.zone/
https://ethglobal.com/events/ethonline2024,ETHOnline 2024,ETHOnline,2024,Envio,https://envio.dev/
https://ethglobal.com/events/ethonline2024,ETHOnline 2024,ETHOnline,2024,Web3Auth,https://web3auth.io
https://ethglobal.com/events/ethonline2024,ETHOnline 2024,ETHOnline,2024,Nillion,https://www.nillion.com/
https://ethglobal.com/events/ethonline2024,ETHOnline 2024,ETHOnline,2024,Stackrlabs,https://www.stackrlabs.xyz/
https://ethglobal.com/events/ethonline2024,ETHOnline 2024,ETHOnline,2024,Availproject,https://www.availproject.org/
https://ethglobal.com/events/ethonline2024,ETHOnline 2024,ETHOnline,2024,Blockless,https://blockless.network/
https://ethglobal.com/events/ethonline2024,ETHOnline 2024,ETHOnline,2024,Fhenix,https://www.fhenix.io/
https://ethglobal.com/events/ethonline2024,ETHOnline 2024,ETHOnline,2024,Tableland,https://tableland.xyz/
https://ethglobal.com/events/ethonline2024,ETHOnline 2024,ETHOnline,2024,Morphl2,https://www.morphl2.io/
https://ethglobal.com/events/ethonline2024,ETHOnline 2024,ETHOnline,2024,Nethermind,https://www.nethermind.io/
https://ethglobal.com/events/superhack2024,ETHGlobal Superhack 2024,Superhack,2024,World,https://world.org
https://ethglobal.com/events/superhack2024,ETHGlobal Superhack 2024,Superhack,2024,Base,https://www.base.org/
https://ethglobal.com/events/superhack2024,ETHGlobal Superhack 2024,Superhack,2024,Optimism,https://optimism.io
https://ethglobal.com/events/superhack2024,ETHGlobal Superhack 2024,Superhack,2024,Metall2,https://metall2.com/
https://ethglobal.com/events/superhack2024,ETHGlobal Superhack 2024,Superhack,2024,Celo,https://www.celo.org
https://ethglobal.com/events/superhack2024,ETHGlobal Superhack 2024,Superhack,2024,Superform,https://www.superform.xyz/
https://ethglobal.com/events/superhack2024,ETHGlobal Superhack 2024,Superhack,2024,Attest,https://attest.sh
https://ethglobal.com/events/superhack2024,ETHGlobal Superhack 2024,Superhack,2024,Pyth,https://pyth.network/
https://ethglobal.com/events/superhack2024,ETHGlobal Superhack 2024,Superhack,2024,Frax,https://frax.com/
https://ethglobal.com/events/superhack2024,ETHGlobal Superhack 2024,Superhack,2024,Conduit,https://conduit.xyz/
https://ethglobal.com/events/superhack2024,ETHGlobal Superhack 2024,Superhack,2024,Docs,https://docs.mode.network/
https://ethglobal.com/events/superhack2024,ETHGlobal Superhack 2024,Superhack,2024,Blockscout,https://www.blockscout.com/
https://ethglobal.com/events/superhack2024,ETHGlobal Superhack 2024,Superhack,2024,Thirdweb,https://thirdweb.com/
https://ethglobal.com/events/superhack2024,ETHGlobal Superhack 2024,Superhack,2024,Goldsky,https://goldsky.com/
https://ethglobal.com/events/superhack2024,ETHGlobal Superhack 2024,Superhack,2024,Tenderly,https://tenderly.co/
https://ethglobal.com/events/superhack2024,ETHGlobal Superhack 2024,Superhack,2024,Farcaster,https://www.farcaster.xyz/
https://ethglobal.com/events/superhack2024,ETHGlobal Superhack 2024,Superhack,2024,Alchemy,https://www.alchemy.com/
https://ethglobal.com/events/superhack2024,ETHGlobal Superhack 2024,Superhack,2024,Chain,https://chain.link/
https://ethglobal.com/events/brussels,ETHGlobal Brussels,Brussels,2024,World,https://world.org
https://ethglobal.com/events/brussels,ETHGlobal Brussels,Brussels,2024,Plnetwork,https://www.plnetwork.io/
https://ethglobal.com/events/brussels,ETHGlobal Brussels,Brussels,2024,Arbitrum,https://arbitrum.io/
https://ethglobal.com/events/brussels,ETHGlobal Brussels,Brussels,2024,Pancakeswap,https://pancakeswap.finance/
https://ethglobal.com/events/brussels,ETHGlobal Brussels,Brussels,2024,Uniswapfoundation,https://www.uniswapfoundation.org
https://ethglobal.com/events/brussels,ETHGlobal Brussels,Brussels,2024,Polygon,https://polygon.technology/
https://ethglobal.com/events/brussels,ETHGlobal Brussels,Brussels,2024,Blockscout,https://www.blockscout.com/
https://ethglobal.com/events/brussels,ETHGlobal Brussels,Brussels,2024,Layerzero,https://layerzero.network/
https://ethglobal.com/events/brussels,ETHGlobal Brussels,Brussels,2024,Availproject,https://www.availproject.org/
https://ethglobal.com/events/brussels,ETHGlobal Brussels,Brussels,2024,Dynamic,https://www.dynamic.xyz/
https://ethglobal.com/events/brussels,ETHGlobal Brussels,Brussels,2024,1Inch,https://1inch.io/
https://ethglobal.com/events/brussels,ETHGlobal Brussels,Brussels,2024,Zircuit,https://www.zircuit.com/
https://ethglobal.com/events/brussels,ETHGlobal Brussels,Brussels,2024,Rootstock,https://rootstock.io/
https://ethglobal.com/events/brussels,ETHGlobal Brussels,Brussels,2024,Web3Auth,https://web3auth.io
https://ethglobal.com/events/brussels,ETHGlobal Brussels,Brussels,2024,Hyperlane,https://www.hyperlane.xyz
https://ethglobal.com/events/brussels,ETHGlobal Brussels,Brussels,2024,Circle,https://circle.com
https://ethglobal.com/events/brussels,ETHGlobal Brussels,Brussels,2024,Nethermind,https://www.nethermind.io/
https://ethglobal.com/events/brussels,ETHGlobal Brussels,Brussels,2024,Base,https://www.base.org/
https://ethglobal.com/events/brussels,ETHGlobal Brussels,Brussels,2024,Safe,https://safe.global/
https://ethglobal.com/events/brussels,ETHGlobal Brussels,Brussels,2024,Thegraph,https://thegraph.com
https://ethglobal.com/events/brussels,ETHGlobal Brussels,Brussels,2024,Aboutcircles,https://www.aboutcircles.com/
https://ethglobal.com/events/brussels,ETHGlobal Brussels,Brussels,2024,Apecoin,https://apecoin.com/
https://ethglobal.com/events/brussels,ETHGlobal Brussels,Brussels,2024,Chroniclelabs,https://chroniclelabs.org/
https://ethglobal.com/events/brussels,ETHGlobal Brussels,Brussels,2024,Pyth,https://pyth.network/
https://ethglobal.com/events/brussels,ETHGlobal Brussels,Brussels,2024,Inco,https://www.inco.org/
https://ethglobal.com/events/brussels,ETHGlobal Brussels,Brussels,2024,Chain,https://chain.link/
https://ethglobal.com/events/brussels,ETHGlobal Brussels,Brussels,2024,Celo,https://www.celo.org
https://ethglobal.com/events/brussels,ETHGlobal Brussels,Brussels,2024,Scroll,https://scroll.io
https://ethglobal.com/events/brussels,ETHGlobal Brussels,Brussels,2024,Morphl2,https://www.morphl2.io/
https://ethglobal.com/events/brussels,ETHGlobal Brussels,Brussels,2024,Galadriel,https://www.galadriel.com/
https://ethglobal.com/events/brussels,ETHGlobal Brussels,Brussels,2024,Near,https://near.org/
https://ethglobal.com/events/brussels,ETHGlobal Brussels,Brussels,2024,Flare,https://flare.network/
https://ethglobal.com/events/brussels,ETHGlobal Brussels,Brussels,2024,N/A,zerion.io
https://ethglobal.com/events/brussels,ETHGlobal Brussels,Brussels,2024,Ens,https://ens.domains
https://ethglobal.com/events/brussels,ETHGlobal Brussels,Brussels,2024,Ethereum,https://ethereum.foundation/
https://ethglobal.com/events/brussels,ETHGlobal Brussels,Brussels,2024,Nillion,https://www.nillion.com/
https://ethglobal.com/events/brussels,ETHGlobal Brussels,Brussels,2024,Reown,https://reown.com/
https://ethglobal.com/events/brussels,ETHGlobal Brussels,Brussels,2024,Neonevm,https://neonevm.org/
https://ethglobal.com/events/brussels,ETHGlobal Brussels,Brussels,2024,Nouns,https://nouns.wtf/
https://ethglobal.com/events/brussels,ETHGlobal Brussels,Brussels,2024,Metamask,https://metamask.io/
https://ethglobal.com/events/brussels,ETHGlobal Brussels,Brussels,2024,Developers,https://developers.intmax.io/
https://ethglobal.com/events/brussels,ETHGlobal Brussels,Brussels,2024,Fhenix,https://www.fhenix.io/
https://ethglobal.com/events/brussels,ETHGlobal Brussels,Brussels,2024,Gear,https://gear.foundation/
https://ethglobal.com/events/brussels,ETHGlobal Brussels,Brussels,2024,Privy,https://www.privy.io/
https://ethglobal.com/events/starkhack,ETHGlobal Starkhack,Starkhack,2024,Starknet,https://www.starknet.io/en/posts/foundation
https://ethglobal.com/events/starkhack,ETHGlobal Starkhack,Starkhack,2024,Starkware,https://starkware.co/
https://ethglobal.com/events/starkhack,ETHGlobal Starkhack,Starkhack,2024,Cartridge,https://cartridge.gg/
https://ethglobal.com/events/starkhack,ETHGlobal Starkhack,Starkhack,2024,Voyager,https://voyager.online/
https://ethglobal.com/events/starkhack,ETHGlobal Starkhack,Starkhack,2024,Dynamic,https://www.dynamic.xyz/
https://ethglobal.com/events/starkhack,ETHGlobal Starkhack,Starkhack,2024,Herodotus,https://herodotus.dev/
https://ethglobal.com/events/starkhack,ETHGlobal Starkhack,Starkhack,2024,Tokenflow,https://tokenflow.live/
https://ethglobal.com/events/starkhack,ETHGlobal Starkhack,Starkhack,2024,Nethermind,https://www.nethermind.io/
https://ethglobal.com/events/starkhack,ETHGlobal Starkhack,Starkhack,2024,Argent,https://www.argent.xyz/
https://ethglobal.com/events/hackfs2024,ETHGlobal Hackfs 2024,Hackfs,2024,Plnetwork,https://www.plnetwork.io/
https://ethglobal.com/events/hackfs2024,ETHGlobal Hackfs 2024,Hackfs,2024,Litprotocol,https://litprotocol.com/
https://ethglobal.com/events/hackfs2024,ETHGlobal Hackfs 2024,Hackfs,2024,Fluence,https://fluence.network/
https://ethglobal.com/events/hackfs2024,ETHGlobal Hackfs 2024,Hackfs,2024,Galadriel,https://www.galadriel.com/
https://ethglobal.com/events/hackfs2024,ETHGlobal Hackfs 2024,Hackfs,2024,Monaverse,https://monaverse.com/
https://ethglobal.com/events/hackfs2024,ETHGlobal Hackfs 2024,Hackfs,2024,Powerloom,https://powerloom.io
https://ethglobal.com/events/hackfs2024,ETHGlobal Hackfs 2024,Hackfs,2024,Coophive,https://www.coophive.network/
https://ethglobal.com/events/hackfs2024,ETHGlobal Hackfs 2024,Hackfs,2024,N/A,huddle01.com
https://ethglobal.com/events/hackfs2024,ETHGlobal Hackfs 2024,Hackfs,2024,Fleek,https://fleek.xyz/
https://ethglobal.com/events/hackfs2024,ETHGlobal Hackfs 2024,Hackfs,2024,Ens,https://ens.domains
https://ethglobal.com/events/hackfs2024,ETHGlobal Hackfs 2024,Hackfs,2024,Starknet,https://www.starknet.io/en/posts/foundation
https://ethglobal.com/events/hackfs2024,ETHGlobal Hackfs 2024,Hackfs,2024,Weatherxm,https://weatherxm.com/
https://ethglobal.com/events/hackfs2024,ETHGlobal Hackfs 2024,Hackfs,2024,Zondax,https://zondax.ch/
https://ethglobal.com/events/hackfs2024,ETHGlobal Hackfs 2024,Hackfs,2024,Squidrouter,https://www.squidrouter.com/
https://ethglobal.com/events/hackfs2024,ETHGlobal Hackfs 2024,Hackfs,2024,Docs,https://docs.lilypad.tech/lilypad
https://ethglobal.com/events/hackfs2024,ETHGlobal Hackfs 2024,Hackfs,2024,N/A,chainsafe.io
https://ethglobal.com/events/sydney,ETHGlobal Sydney,Sydney,2024,World,https://world.org
https://ethglobal.com/events/sydney,ETHGlobal Sydney,Sydney,2024,Mantle,https://www.mantle.xyz/
https://ethglobal.com/events/sydney,ETHGlobal Sydney,Sydney,2024,Chain,https://chain.link/
https://ethglobal.com/events/sydney,ETHGlobal Sydney,Sydney,2024,Unlimit,https://www.unlimit.com/
https://ethglobal.com/events/sydney,ETHGlobal Sydney,Sydney,2024,Nethermind,https://www.nethermind.io/
https://ethglobal.com/events/sydney,ETHGlobal Sydney,Sydney,2024,Dabl,https://www.dabl.club/
https://ethglobal.com/events/sydney,ETHGlobal Sydney,Sydney,2024,Base,https://www.base.org/
https://ethglobal.com/events/sydney,ETHGlobal Sydney,Sydney,2024,Availproject,https://www.availproject.org/
https://ethglobal.com/events/sydney,ETHGlobal Sydney,Sydney,2024,Nouns,https://nouns.wtf/
https://ethglobal.com/events/sydney,ETHGlobal Sydney,Sydney,2024,Openmesh,https://www.openmesh.network/
https://ethglobal.com/events/sydney,ETHGlobal Sydney,Sydney,2024,Docs,https://docs.lilypad.tech/lilypad
https://ethglobal.com/events/scaling2024,ETHGlobal Scaling 2024,Scaling,2024,Arbitrum,https://arbitrum.io/
https://ethglobal.com/events/scaling2024,ETHGlobal Scaling 2024,Scaling,2024,Sign,https://sign.global/
https://ethglobal.com/events/scaling2024,ETHGlobal Scaling 2024,Scaling,2024,Plnetwork,https://www.plnetwork.io/
https://ethglobal.com/events/scaling2024,ETHGlobal Scaling 2024,Scaling,2024,Gnosis,https://www.gnosis.io
https://ethglobal.com/events/scaling2024,ETHGlobal Scaling 2024,Scaling,2024,Risczero,https://www.risczero.com/
https://ethglobal.com/events/scaling2024,ETHGlobal Scaling 2024,Scaling,2024,Morphl2,https://www.morphl2.io/
https://ethglobal.com/events/scaling2024,ETHGlobal Scaling 2024,Scaling,2024,Neonevm,https://neonevm.org/
https://ethglobal.com/events/scaling2024,ETHGlobal Scaling 2024,Scaling,2024,Availproject,https://www.availproject.org/
https://ethglobal.com/events/scaling2024,ETHGlobal Scaling 2024,Scaling,2024,Nillion,https://www.nillion.com/
https://ethglobal.com/events/scaling2024,ETHGlobal Scaling 2024,Scaling,2024,Powerloom,https://powerloom.io
https://ethglobal.com/events/scaling2024,ETHGlobal Scaling 2024,Scaling,2024,Witness,https://Witness.co
https://ethglobal.com/events/scaling2024,ETHGlobal Scaling 2024,Scaling,2024,Curvegrid,http://www.curvegrid.com
https://ethglobal.com/events/frameworks,ETHGlobal Frameworks,Frameworks,2024,Pinata,https://www.pinata.cloud/
https://ethglobal.com/events/frameworks,ETHGlobal Frameworks,Frameworks,2024,Xmtp,https://xmtp.org/
https://ethglobal.com/events/frameworks,ETHGlobal Frameworks,Frameworks,2024,Dynamic,https://www.dynamic.xyz/
https://ethglobal.com/events/frameworks,ETHGlobal Frameworks,Frameworks,2024,Base,https://www.base.org/
https://ethglobal.com/events/frameworks,ETHGlobal Frameworks,Frameworks,2024,Optimism,https://optimism.io
https://ethglobal.com/events/frameworks,ETHGlobal Frameworks,Frameworks,2024,N/A,livepeer.org
https://ethglobal.com/events/frameworks,ETHGlobal Frameworks,Frameworks,2024,Thegraph,https://thegraph.com
https://ethglobal.com/events/frameworks,ETHGlobal Frameworks,Frameworks,2024,Bountycaster,https://www.bountycaster.xyz/
https://ethglobal.com/events/frameworks,ETHGlobal Frameworks,Frameworks,2024,Framesjs,https://framesjs.org/
https://ethglobal.com/events/frameworks,ETHGlobal Frameworks,Frameworks,2024,Privy,https://www.privy.io/
https://ethglobal.com/events/frameworks,ETHGlobal Frameworks,Frameworks,2024,Airstack,https://www.airstack.xyz/
https://ethglobal.com/events/frameworks,ETHGlobal Frameworks,Frameworks,2024,Karma3Labs,https://karma3labs.com
https://ethglobal.com/events/frameworks,ETHGlobal Frameworks,Frameworks,2024,Neynar,https://neynar.com
https://ethglobal.com/events/london2024,ETHGlobal London 2024,London,2024,Nethermind,https://www.nethermind.io/
https://ethglobal.com/events/london2024,ETHGlobal London 2024,London,2024,Arbitrum,https://arbitrum.io/
https://ethglobal.com/events/london2024,ETHGlobal London 2024,London,2024,World,https://world.org
https://ethglobal.com/events/london2024,ETHGlobal London 2024,London,2024,Plnetwork,https://www.plnetwork.io/
https://ethglobal.com/events/london2024,ETHGlobal London 2024,London,2024,Chiliz,https://www.chiliz.com/developers/
https://ethglobal.com/events/london2024,ETHGlobal London 2024,London,2024,Circle,https://circle.com
https://ethglobal.com/events/london2024,ETHGlobal London 2024,London,2024,Hyperlane,https://www.hyperlane.xyz
https://ethglobal.com/events/london2024,ETHGlobal London 2024,London,2024,Pancakeswap,https://pancakeswap.finance/
https://ethglobal.com/events/london2024,ETHGlobal London 2024,London,2024,Gnosis,https://www.gnosis.io
https://ethglobal.com/events/london2024,ETHGlobal London 2024,London,2024,Uniswapfoundation,https://www.uniswapfoundation.org
https://ethglobal.com/events/london2024,ETHGlobal London 2024,London,2024,Base,https://www.base.org/
https://ethglobal.com/events/london2024,ETHGlobal London 2024,London,2024,Ens,https://ens.domains
https://ethglobal.com/events/london2024,ETHGlobal London 2024,London,2024,Apecoin,https://apecoin.com/
https://ethglobal.com/events/london2024,ETHGlobal London 2024,London,2024,Celo,https://www.celo.org
https://ethglobal.com/events/london2024,ETHGlobal London 2024,London,2024,Near,https://near.org/
https://ethglobal.com/events/london2024,ETHGlobal London 2024,London,2024,Safe,https://safe.global/
https://ethglobal.com/events/london2024,ETHGlobal London 2024,London,2024,Ethereum,https://ethereum.foundation/
https://ethglobal.com/events/london2024,ETHGlobal London 2024,London,2024,Dynamic,https://www.dynamic.xyz/
https://ethglobal.com/events/london2024,ETHGlobal London 2024,London,2024,Availproject,https://www.availproject.org/
https://ethglobal.com/events/london2024,ETHGlobal London 2024,London,2024,Aztec,https://aztec.network
https://ethglobal.com/events/london2024,ETHGlobal London 2024,London,2024,Flashbots,https://flashbots.net
https://ethglobal.com/events/london2024,ETHGlobal London 2024,London,2024,Chain,https://chain.link/
https://ethglobal.com/events/london2024,ETHGlobal London 2024,London,2024,Layerzero,https://layerzero.network/
https://ethglobal.com/events/london2024,ETHGlobal London 2024,London,2024,Fhenix,https://www.fhenix.io/
https://ethglobal.com/events/london2024,ETHGlobal London 2024,London,2024,Nouns,https://nouns.wtf/
https://ethglobal.com/events/london2024,ETHGlobal London 2024,London,2024,Galadriel,https://www.galadriel.com/
https://ethglobal.com/events/london2024,ETHGlobal London 2024,London,2024,Morpho,https://morpho.org/
https://ethglobal.com/events/circuitbreaker,ETHGlobal Circuitbreaker,Circuitbreaker,2024,Scroll,https://scroll.io
https://ethglobal.com/events/circuitbreaker,ETHGlobal Circuitbreaker,Circuitbreaker,2024,Pse,https://pse.dev/
https://ethglobal.com/events/circuitbreaker,ETHGlobal Circuitbreaker,Circuitbreaker,2024,Sindri,https://www.sindri.app/
https://ethglobal.com/events/circuitbreaker,ETHGlobal Circuitbreaker,Circuitbreaker,2024,Availproject,https://www.availproject.org/
https://ethglobal.com/events/circuitbreaker,ETHGlobal Circuitbreaker,Circuitbreaker,2024,Ironfish,https://ironfish.network/
https://ethglobal.com/events/circuitbreaker,ETHGlobal Circuitbreaker,Circuitbreaker,2024,Aztec,https://aztec.network
https://ethglobal.com/events/lfgho,ETHGlobal Lfgho,Lfgho,2024,Aave,https://aave.com/
https://ethglobal.com/events/lfgho,ETHGlobal Lfgho,Lfgho,2024,Chain,https://chain.link/
https://ethglobal.com/events/lfgho,ETHGlobal Lfgho,Lfgho,2024,Family,https://family.co/
https://ethglobal.com/events/istanbul,ETHGlobal Istanbul,Istanbul,2023,World,https://world.org
https://ethglobal.com/events/istanbul,ETHGlobal Istanbul,Istanbul,2023,Gnosis,https://www.gnosis.io
https://ethglobal.com/events/istanbul,ETHGlobal Istanbul,Istanbul,2023,Lens,https://lens.xyz/
https://ethglobal.com/events/istanbul,ETHGlobal Istanbul,Istanbul,2023,Arbitrum,https://arbitrum.io/
https://ethglobal.com/events/istanbul,ETHGlobal Istanbul,Istanbul,2023,1Inch,https://1inch.io/
https://ethglobal.com/events/istanbul,ETHGlobal Istanbul,Istanbul,2023,Polygon,https://polygon.technology/
https://ethglobal.com/events/istanbul,ETHGlobal Istanbul,Istanbul,2023,Metamask,https://metamask.io/
https://ethglobal.com/events/istanbul,ETHGlobal Istanbul,Istanbul,2023,Reown,https://reown.com/
https://ethglobal.com/events/istanbul,ETHGlobal Istanbul,Istanbul,2023,Chiliz,https://www.chiliz.com/developers/
https://ethglobal.com/events/istanbul,ETHGlobal Istanbul,Istanbul,2023,Spark,https://spark.fi/
https://ethglobal.com/events/istanbul,ETHGlobal Istanbul,Istanbul,2023,Zksync,https://zksync.io/
https://ethglobal.com/events/istanbul,ETHGlobal Istanbul,Istanbul,2023,Plnetwork,https://www.plnetwork.io/
https://ethglobal.com/events/istanbul,ETHGlobal Istanbul,Istanbul,2023,Scroll,https://scroll.io
https://ethglobal.com/events/istanbul,ETHGlobal Istanbul,Istanbul,2023,Chroniclelabs,https://chroniclelabs.org/
https://ethglobal.com/events/istanbul,ETHGlobal Istanbul,Istanbul,2023,Minaprotocol,https://minaprotocol.com/
https://ethglobal.com/events/istanbul,ETHGlobal Istanbul,Istanbul,2023,Flashbots,https://flashbots.net
https://ethglobal.com/events/istanbul,ETHGlobal Istanbul,Istanbul,2023,Axiom,https://www.axiom.xyz/
https://ethglobal.com/events/istanbul,ETHGlobal Istanbul,Istanbul,2023,Waku,https://waku.org/
https://ethglobal.com/events/istanbul,ETHGlobal Istanbul,Istanbul,2023,Cow,https://cow.fi/
https://ethglobal.com/events/istanbul,ETHGlobal Istanbul,Istanbul,2023,Hyperlane,https://www.hyperlane.xyz
https://ethglobal.com/events/istanbul,ETHGlobal Istanbul,Istanbul,2023,Mantle,https://www.mantle.xyz/
https://ethglobal.com/events/istanbul,ETHGlobal Istanbul,Istanbul,2023,Push,https://push.org
https://ethglobal.com/events/istanbul,ETHGlobal Istanbul,Istanbul,2023,Ens,https://ens.domains
https://ethglobal.com/events/istanbul,ETHGlobal Istanbul,Istanbul,2023,Api3,https://api3.org/
https://ethglobal.com/events/istanbul,ETHGlobal Istanbul,Istanbul,2023,Aavegrants,https://aavegrants.org/
https://ethglobal.com/events/istanbul,ETHGlobal Istanbul,Istanbul,2023,Chain,https://chain.link/
https://ethglobal.com/events/istanbul,ETHGlobal Istanbul,Istanbul,2023,Gearbox,https://gearbox.fi/
https://ethglobal.com/events/istanbul,ETHGlobal Istanbul,Istanbul,2023,Celo,https://www.celo.org
https://ethglobal.com/events/istanbul,ETHGlobal Istanbul,Istanbul,2023,Apecoin,https://apecoin.com/
https://ethglobal.com/events/istanbul,ETHGlobal Istanbul,Istanbul,2023,Celestia,https://celestia.org/developer-portal/
https://ethglobal.com/events/istanbul,ETHGlobal Istanbul,Istanbul,2023,Unicef,https://www.unicef.org/innovation/
https://ethglobal.com/events/istanbul,ETHGlobal Istanbul,Istanbul,2023,Base,https://www.base.org/
https://ethglobal.com/events/istanbul,ETHGlobal Istanbul,Istanbul,2023,Mask,https://mask.io/
https://ethglobal.com/events/istanbul,ETHGlobal Istanbul,Istanbul,2023,Starkware,https://starkware.co/
https://ethglobal.com/events/istanbul,ETHGlobal Istanbul,Istanbul,2023,Safe,https://safe.global/
https://ethglobal.com/events/istanbul,ETHGlobal Istanbul,Istanbul,2023,N/A,umaproject.org
https://ethglobal.com/events/istanbul,ETHGlobal Istanbul,Istanbul,2023,Xinfin,https://xinfin.org
https://ethglobal.com/events/istanbul,ETHGlobal Istanbul,Istanbul,2023,Cartesi,https://cartesi.io/
https://ethglobal.com/events/istanbul,ETHGlobal Istanbul,Istanbul,2023,Unlimit,https://www.unlimit.com/
https://ethglobal.com/events/istanbul,ETHGlobal Istanbul,Istanbul,2023,Near,https://near.org/
https://ethglobal.com/events/istanbul,ETHGlobal Istanbul,Istanbul,2023,Aleo,https://www.aleo.org/
https://ethglobal.com/events/istanbul,ETHGlobal Istanbul,Istanbul,2023,Thegraph,https://thegraph.com
https://ethglobal.com/events/istanbul,ETHGlobal Istanbul,Istanbul,2023,Neonevm,https://neonevm.org/
https://ethglobal.com/events/istanbul,ETHGlobal Istanbul,Istanbul,2023,Aztec,https://aztec.network
https://ethglobal.com/events/istanbul,ETHGlobal Istanbul,Istanbul,2023,Curvegrid,http://www.curvegrid.com
https://ethglobal.com/events/istanbul,ETHGlobal Istanbul,Istanbul,2023,Certora,https://www.certora.com/
https://ethglobal.com/events/istanbul,ETHGlobal Istanbul,Istanbul,2023,Arx,https://arx.org
https://ethglobal.com/events/istanbul,ETHGlobal Istanbul,Istanbul,2023,Nouns,https://nouns.wtf/
https://ethglobal.com/events/istanbul,ETHGlobal Istanbul,Istanbul,2023,Threshold,https://threshold.network/
https://ethglobal.com/events/istanbul,ETHGlobal Istanbul,Istanbul,2023,Ethereum,https://ethereum.foundation/
https://ethglobal.com/events/istanbul,ETHGlobal Istanbul,Istanbul,2023,Attest,https://attest.sh
https://ethglobal.com/events/ethonline2023,ETHOnline 2023,ETHOnline,2023,Spark,https://spark.fi/
https://ethglobal.com/events/ethonline2023,ETHOnline 2023,ETHOnline,2023,Scroll,https://scroll.io
https://ethglobal.com/events/ethonline2023,ETHOnline 2023,ETHOnline,2023,Mask,https://mask.io/
https://ethglobal.com/events/ethonline2023,ETHOnline 2023,ETHOnline,2023,Wormhole,https://wormhole.com/
https://ethglobal.com/events/ethonline2023,ETHOnline 2023,ETHOnline,2023,Apecoin,https://apecoin.com/
https://ethglobal.com/events/ethonline2023,ETHOnline 2023,ETHOnline,2023,Mantle,https://www.mantle.xyz/
https://ethglobal.com/events/ethonline2023,ETHOnline 2023,ETHOnline,2023,N/A,umaproject.org
https://ethglobal.com/events/ethonline2023,ETHOnline 2023,ETHOnline,2023,Plnetwork,https://www.plnetwork.io/
https://ethglobal.com/events/ethonline2023,ETHOnline 2023,ETHOnline,2023,Polygon,https://polygon.technology/
https://ethglobal.com/events/ethonline2023,ETHOnline 2023,ETHOnline,2023,Hyperlane,https://www.hyperlane.xyz
https://ethglobal.com/events/ethonline2023,ETHOnline 2023,ETHOnline,2023,Safe,https://safe.global/
https://ethglobal.com/events/ethonline2023,ETHOnline 2023,ETHOnline,2023,Aztec,https://aztec.network
https://ethglobal.com/events/ethonline2023,ETHOnline 2023,ETHOnline,2023,Chain,https://chain.link/
https://ethglobal.com/events/ethonline2023,ETHOnline 2023,ETHOnline,2023,Litprotocol,https://litprotocol.com/
https://ethglobal.com/events/ethonline2023,ETHOnline 2023,ETHOnline,2023,Thegraph,https://thegraph.com
https://ethglobal.com/events/ethonline2023,ETHOnline 2023,ETHOnline,2023,Push,https://push.org
https://ethglobal.com/events/ethonline2023,ETHOnline 2023,ETHOnline,2023,Questbook,https://questbook.app
https://ethglobal.com/events/ethonline2023,ETHOnline 2023,ETHOnline,2023,Axelar,https://axelar.network/
https://ethglobal.com/events/ethonline2023,ETHOnline 2023,ETHOnline,2023,Xmtp,https://xmtp.org/
https://ethglobal.com/events/ethonline2023,ETHOnline 2023,ETHOnline,2023,Uniswapfoundation,https://www.uniswapfoundation.org
https://ethglobal.com/events/ethonline2023,ETHOnline 2023,ETHOnline,2023,Tableland,https://tableland.xyz/
https://ethglobal.com/events/ethonline2023,ETHOnline 2023,ETHOnline,2023,N/A,connext.network
https://ethglobal.com/events/ethonline2023,ETHOnline 2023,ETHOnline,2023,Cometh,https://cometh.io/
https://ethglobal.com/events/ethonline2023,ETHOnline 2023,ETHOnline,2023,Sismo,https://sismo.io/
https://ethglobal.com/events/newyork2023,ETHGlobal New York 2023,New York,2023,World,https://world.org
https://ethglobal.com/events/newyork2023,ETHGlobal New York 2023,New York,2023,Arbitrum,https://arbitrum.io/
https://ethglobal.com/events/newyork2023,ETHGlobal New York 2023,New York,2023,Gnosis,https://www.gnosis.io
https://ethglobal.com/events/newyork2023,ETHGlobal New York 2023,New York,2023,Uniswapfoundation,https://www.uniswapfoundation.org
https://ethglobal.com/events/newyork2023,ETHGlobal New York 2023,New York,2023,Polygon,https://polygon.technology/
https://ethglobal.com/events/newyork2023,ETHGlobal New York 2023,New York,2023,Reown,https://reown.com/
https://ethglobal.com/events/newyork2023,ETHGlobal New York 2023,New York,2023,Plnetwork,https://www.plnetwork.io/
https://ethglobal.com/events/newyork2023,ETHGlobal New York 2023,New York,2023,1Inch,https://1inch.io/
https://ethglobal.com/events/newyork2023,ETHGlobal New York 2023,New York,2023,Scroll,https://scroll.io
https://ethglobal.com/events/newyork2023,ETHGlobal New York 2023,New York,2023,N/A,umaproject.org
https://ethglobal.com/events/newyork2023,ETHGlobal New York 2023,New York,2023,Hyperlane,https://www.hyperlane.xyz
https://ethglobal.com/events/newyork2023,ETHGlobal New York 2023,New York,2023,Biconomy,https://www.biconomy.io/
https://ethglobal.com/events/newyork2023,ETHGlobal New York 2023,New York,2023,Starkware,https://starkware.co/
https://ethglobal.com/events/newyork2023,ETHGlobal New York 2023,New York,2023,Base,https://www.base.org/
https://ethglobal.com/events/newyork2023,ETHGlobal New York 2023,New York,2023,Celo,https://www.celo.org
https://ethglobal.com/events/newyork2023,ETHGlobal New York 2023,New York,2023,Xmtp,https://xmtp.org/
https://ethglobal.com/events/newyork2023,ETHGlobal New York 2023,New York,2023,Metamask,https://metamask.io/
https://ethglobal.com/events/newyork2023,ETHGlobal New York 2023,New York,2023,Mantle,https://www.mantle.xyz/
https://ethglobal.com/events/newyork2023,ETHGlobal New York 2023,New York,2023,Xinfin,https://xinfin.org
https://ethglobal.com/events/newyork2023,ETHGlobal New York 2023,New York,2023,Axiom,https://www.axiom.xyz/
https://ethglobal.com/events/newyork2023,ETHGlobal New York 2023,New York,2023,Apecoin,https://apecoin.com/
https://ethglobal.com/events/newyork2023,ETHGlobal New York 2023,New York,2023,Aavegrants,https://aavegrants.org/
https://ethglobal.com/events/newyork2023,ETHGlobal New York 2023,New York,2023,Cartesi,https://cartesi.io/
https://ethglobal.com/events/newyork2023,ETHGlobal New York 2023,New York,2023,Lens,https://lens.xyz/
https://ethglobal.com/events/newyork2023,ETHGlobal New York 2023,New York,2023,Airstack,https://www.airstack.xyz/
https://ethglobal.com/events/newyork2023,ETHGlobal New York 2023,New York,2023,Mask,https://mask.io/
https://ethglobal.com/events/newyork2023,ETHGlobal New York 2023,New York,2023,Near,https://near.org/
https://ethglobal.com/events/newyork2023,ETHGlobal New York 2023,New York,2023,Unlimit,https://www.unlimit.com/
https://ethglobal.com/events/newyork2023,ETHGlobal New York 2023,New York,2023,Ens,https://ens.domains
https://ethglobal.com/events/newyork2023,ETHGlobal New York 2023,New York,2023,Neonevm,https://neonevm.org/
https://ethglobal.com/events/newyork2023,ETHGlobal New York 2023,New York,2023,Safe,https://safe.global/
https://ethglobal.com/events/newyork2023,ETHGlobal New York 2023,New York,2023,Thegraph,https://thegraph.com
https://ethglobal.com/events/newyork2023,ETHGlobal New York 2023,New York,2023,Axelar,https://axelar.network/
https://ethglobal.com/events/newyork2023,ETHGlobal New York 2023,New York,2023,Sunscreen,https://sunscreen.tech/
https://ethglobal.com/events/newyork2023,ETHGlobal New York 2023,New York,2023,N/A,unlock-protocol.com
https://ethglobal.com/events/newyork2023,ETHGlobal New York 2023,New York,2023,Litprotocol,https://litprotocol.com/
https://ethglobal.com/events/newyork2023,ETHGlobal New York 2023,New York,2023,Alliance,https://alliance.xyz/
https://ethglobal.com/events/newyork2023,ETHGlobal New York 2023,New York,2023,Privy,https://www.privy.io/
https://ethglobal.com/events/newyork2023,ETHGlobal New York 2023,New York,2023,Monaverse,https://monaverse.com/
https://ethglobal.com/events/newyork2023,ETHGlobal New York 2023,New York,2023,Nouns,https://nouns.wtf/
https://ethglobal.com/events/newyork2023,ETHGlobal New York 2023,New York,2023,Quicknode,https://www.quicknode.com/
https://ethglobal.com/events/newyork2023,ETHGlobal New York 2023,New York,2023,N/A,fuel.network
https://ethglobal.com/events/newyork2023,ETHGlobal New York 2023,New York,2023,Ethereum,https://ethereum.foundation/
https://ethglobal.com/events/newyork2023,ETHGlobal New York 2023,New York,2023,Aleo,https://www.aleo.org/
https://ethglobal.com/events/newyork2023,ETHGlobal New York 2023,New York,2023,Flashbots,https://flashbots.net
https://ethglobal.com/events/newyork2023,ETHGlobal New York 2023,New York,2023,Questbook,https://questbook.app
https://ethglobal.com/events/superhack,ETHGlobal Superhack,Superhack,2023,Optimism,https://optimism.io
https://ethglobal.com/events/superhack,ETHGlobal Superhack,Superhack,2023,Base,https://www.base.org/
https://ethglobal.com/events/superhack,ETHGlobal Superhack,Superhack,2023,World,https://world.org
https://ethglobal.com/events/superhack,ETHGlobal Superhack,Superhack,2023,N/A,ourzora.com
https://ethglobal.com/events/superhack,ETHGlobal Superhack,Superhack,2023,Chain,https://chain.link/
https://ethglobal.com/events/superhack,ETHGlobal Superhack,Superhack,2023,Hyperlane,https://www.hyperlane.xyz
https://ethglobal.com/events/superhack,ETHGlobal Superhack,Superhack,2023,Layerzero,https://layerzero.network/
https://ethglobal.com/events/superhack,ETHGlobal Superhack,Superhack,2023,Docs,https://docs.mode.network/
https://ethglobal.com/events/superhack,ETHGlobal Superhack,Superhack,2023,Thegraph,https://thegraph.com
https://ethglobal.com/events/superhack,ETHGlobal Superhack,Superhack,2023,N/A,covalenthq.com
https://ethglobal.com/events/superhack,ETHGlobal Superhack,Superhack,2023,Safe,https://safe.global/
https://ethglobal.com/events/superhack,ETHGlobal Superhack,Superhack,2023,Attest,https://attest.sh
https://ethglobal.com/events/paris2023,ETHGlobal Paris 2023,Paris,2023,Minaprotocol,https://minaprotocol.com/
https://ethglobal.com/events/paris2023,ETHGlobal Paris 2023,Paris,2023,Spark,https://spark.fi/
https://ethglobal.com/events/paris2023,ETHGlobal Paris 2023,Paris,2023,World,https://world.org
https://ethglobal.com/events/paris2023,ETHGlobal Paris 2023,Paris,2023,Polygon,https://polygon.technology/
https://ethglobal.com/events/paris2023,ETHGlobal Paris 2023,Paris,2023,Plnetwork,https://www.plnetwork.io/
https://ethglobal.com/events/paris2023,ETHGlobal Paris 2023,Paris,2023,Reown,https://reown.com/
https://ethglobal.com/events/paris2023,ETHGlobal Paris 2023,Paris,2023,1Inch,https://1inch.io/
https://ethglobal.com/events/paris2023,ETHGlobal Paris 2023,Paris,2023,Gnosis,https://www.gnosis.io
https://ethglobal.com/events/paris2023,ETHGlobal Paris 2023,Paris,2023,Metamask,https://metamask.io/
https://ethglobal.com/events/paris2023,ETHGlobal Paris 2023,Paris,2023,Neonevm,https://neonevm.org/
https://ethglobal.com/events/paris2023,ETHGlobal Paris 2023,Paris,2023,Mantle,https://www.mantle.xyz/
https://ethglobal.com/events/paris2023,ETHGlobal Paris 2023,Paris,2023,Ethereum,https://ethereum.foundation/
https://ethglobal.com/events/paris2023,ETHGlobal Paris 2023,Paris,2023,Apecoin,https://apecoin.com/
https://ethglobal.com/events/paris2023,ETHGlobal Paris 2023,Paris,2023,Near,https://near.org/
https://ethglobal.com/events/paris2023,ETHGlobal Paris 2023,Paris,2023,Sismo,https://sismo.io/
https://ethglobal.com/events/paris2023,ETHGlobal Paris 2023,Paris,2023,Safe,https://safe.global/
https://ethglobal.com/events/paris2023,ETHGlobal Paris 2023,Paris,2023,Mask,https://mask.io/
https://ethglobal.com/events/paris2023,ETHGlobal Paris 2023,Paris,2023,Zetachain,https://www.zetachain.com/
https://ethglobal.com/events/paris2023,ETHGlobal Paris 2023,Paris,2023,Chain,https://chain.link/
https://ethglobal.com/events/paris2023,ETHGlobal Paris 2023,Paris,2023,Attest,https://attest.sh
https://ethglobal.com/events/paris2023,ETHGlobal Paris 2023,Paris,2023,Biconomy,https://www.biconomy.io/
https://ethglobal.com/events/paris2023,ETHGlobal Paris 2023,Paris,2023,Push,https://push.org
https://ethglobal.com/events/paris2023,ETHGlobal Paris 2023,Paris,2023,Airstack,https://www.airstack.xyz/
https://ethglobal.com/events/paris2023,ETHGlobal Paris 2023,Paris,2023,Starkware,https://starkware.co/
https://ethglobal.com/events/paris2023,ETHGlobal Paris 2023,Paris,2023,N/A,umaproject.org
https://ethglobal.com/events/paris2023,ETHGlobal Paris 2023,Paris,2023,Celo,https://www.celo.org
https://ethglobal.com/events/paris2023,ETHGlobal Paris 2023,Paris,2023,Xmtp,https://xmtp.org/
https://ethglobal.com/events/paris2023,ETHGlobal Paris 2023,Paris,2023,Zksync,https://zksync.io/
https://ethglobal.com/events/paris2023,ETHGlobal Paris 2023,Paris,2023,Hyperlane,https://www.hyperlane.xyz
https://ethglobal.com/events/paris2023,ETHGlobal Paris 2023,Paris,2023,Cartesi,https://cartesi.io/
https://ethglobal.com/events/paris2023,ETHGlobal Paris 2023,Paris,2023,Zkbob,https://www.zkbob.com/
https://ethglobal.com/events/paris2023,ETHGlobal Paris 2023,Paris,2023,Thegraph,https://thegraph.com
https://ethglobal.com/events/paris2023,ETHGlobal Paris 2023,Paris,2023,Flashbots,https://flashbots.net
https://ethglobal.com/events/paris2023,ETHGlobal Paris 2023,Paris,2023,Nouns,https://nouns.wtf/
https://ethglobal.com/events/paris2023,ETHGlobal Paris 2023,Paris,2023,Axelar,https://axelar.network/
https://ethglobal.com/events/paris2023,ETHGlobal Paris 2023,Paris,2023,Dfns,https://www.dfns.co/
https://ethglobal.com/events/paris2023,ETHGlobal Paris 2023,Paris,2023,Aragon,https://aragon.org/
https://ethglobal.com/events/paris2023,ETHGlobal Paris 2023,Paris,2023,Quicknode,https://www.quicknode.com/
https://ethglobal.com/events/paris2023,ETHGlobal Paris 2023,Paris,2023,Litprotocol,https://litprotocol.com/
https://ethglobal.com/events/waterloo2023,ETHGlobal Waterloo 2023,Waterloo,2023,Gnosis,https://www.gnosis.io
https://ethglobal.com/events/waterloo2023,ETHGlobal Waterloo 2023,Waterloo,2023,World,https://world.org
https://ethglobal.com/events/waterloo2023,ETHGlobal Waterloo 2023,Waterloo,2023,Airstack,https://www.airstack.xyz/
https://ethglobal.com/events/waterloo2023,ETHGlobal Waterloo 2023,Waterloo,2023,Hyperlane,https://www.hyperlane.xyz
https://ethglobal.com/events/waterloo2023,ETHGlobal Waterloo 2023,Waterloo,2023,Tokenbound,https://tokenbound.org/
https://ethglobal.com/events/waterloo2023,ETHGlobal Waterloo 2023,Waterloo,2023,N/A,umaproject.org
https://ethglobal.com/events/waterloo2023,ETHGlobal Waterloo 2023,Waterloo,2023,Plnetwork,https://www.plnetwork.io/
https://ethglobal.com/events/waterloo2023,ETHGlobal Waterloo 2023,Waterloo,2023,Near,https://near.org/
https://ethglobal.com/events/waterloo2023,ETHGlobal Waterloo 2023,Waterloo,2023,Polygon,https://polygon.technology/
https://ethglobal.com/events/waterloo2023,ETHGlobal Waterloo 2023,Waterloo,2023,Sismo,https://sismo.io/
https://ethglobal.com/events/waterloo2023,ETHGlobal Waterloo 2023,Waterloo,2023,Apecoin,https://apecoin.com/
https://ethglobal.com/events/waterloo2023,ETHGlobal Waterloo 2023,Waterloo,2023,Xinfin,https://xinfin.org
https://ethglobal.com/events/waterloo2023,ETHGlobal Waterloo 2023,Waterloo,2023,Delv,https://www.delv.tech/
https://ethglobal.com/events/waterloo2023,ETHGlobal Waterloo 2023,Waterloo,2023,Thegraph,https://thegraph.com
https://ethglobal.com/events/waterloo2023,ETHGlobal Waterloo 2023,Waterloo,2023,Xmtp,https://xmtp.org/
https://ethglobal.com/events/waterloo2023,ETHGlobal Waterloo 2023,Waterloo,2023,Litprotocol,https://litprotocol.com/
https://ethglobal.com/events/waterloo2023,ETHGlobal Waterloo 2023,Waterloo,2023,Spark,https://spark.fi/
https://ethglobal.com/events/waterloo2023,ETHGlobal Waterloo 2023,Waterloo,2023,Quantstamp,https://quantstamp.com/
https://ethglobal.com/events/waterloo2023,ETHGlobal Waterloo 2023,Waterloo,2023,Quicknode,https://www.quicknode.com/
https://ethglobal.com/events/waterloo2023,ETHGlobal Waterloo 2023,Waterloo,2023,Metamask,https://metamask.io/
https://ethglobal.com/events/waterloo2023,ETHGlobal Waterloo 2023,Waterloo,2023,Questbook,https://questbook.app
https://ethglobal.com/events/waterloo2023,ETHGlobal Waterloo 2023,Waterloo,2023,N/A,unsheth.xyz
https://ethglobal.com/events/waterloo2023,ETHGlobal Waterloo 2023,Waterloo,2023,Attest,https://attest.sh
https://ethglobal.com/events/waterloo2023,ETHGlobal Waterloo 2023,Waterloo,2023,Risczero,https://www.risczero.com/
https://ethglobal.com/events/waterloo2023,ETHGlobal Waterloo 2023,Waterloo,2023,Highlight,https://highlight.xyz/
https://ethglobal.com/events/waterloo2023,ETHGlobal Waterloo 2023,Waterloo,2023,Nouns,https://nouns.wtf/
https://ethglobal.com/events/waterloo2023,ETHGlobal Waterloo 2023,Waterloo,2023,N/A,unlock-protocol.com
https://ethglobal.com/events/hackfs2023,ETHGlobal Hackfs 2023,Hackfs,2023,Plnetwork,https://www.plnetwork.io/
https://ethglobal.com/events/hackfs2023,ETHGlobal Hackfs 2023,Hackfs,2023,N/A,bacalhau.org
https://ethglobal.com/events/hackfs2023,ETHGlobal Hackfs 2023,Hackfs,2023,Apecoin,https://apecoin.com/
https://ethglobal.com/events/hackfs2023,ETHGlobal Hackfs 2023,Hackfs,2023,Ipfs,https://ipfs.tech/
https://ethglobal.com/events/hackfs2023,ETHGlobal Hackfs 2023,Hackfs,2023,Dataverse Os,https://dataverse-os.com/
https://ethglobal.com/events/hackfs2023,ETHGlobal Hackfs 2023,Hackfs,2023,Libp2P,https://libp2p.io/
https://ethglobal.com/events/hackfs2023,ETHGlobal Hackfs 2023,Hackfs,2023,Litprotocol,https://litprotocol.com/
https://ethglobal.com/events/hackfs2023,ETHGlobal Hackfs 2023,Hackfs,2023,Spheron,https://spheron.network
https://ethglobal.com/events/hackfs2023,ETHGlobal Hackfs 2023,Hackfs,2023,Ens,https://ens.domains
https://ethglobal.com/events/hackfs2023,ETHGlobal Hackfs 2023,Hackfs,2023,Push,https://push.org
https://ethglobal.com/events/hackfs2023,ETHGlobal Hackfs 2023,Hackfs,2023,Ipc,http://ipc.space/
https://ethglobal.com/events/hackfs2023,ETHGlobal Hackfs 2023,Hackfs,2023,N/A,huddle01.com
https://ethglobal.com/events/hackfs2023,ETHGlobal Hackfs 2023,Hackfs,2023,N/A,livepeer.org
https://ethglobal.com/events/hackfs2023,ETHGlobal Hackfs 2023,Hackfs,2023,Polybase,https://polybase.xyz/
https://ethglobal.com/events/hackfs2023,ETHGlobal Hackfs 2023,Hackfs,2023,Tableland,https://tableland.xyz/
https://ethglobal.com/events/hackfs2023,ETHGlobal Hackfs 2023,Hackfs,2023,Saturn,https://saturn.tech
https://ethglobal.com/events/hackfs2023,ETHGlobal Hackfs 2023,Hackfs,2023,Ceramic,https://ceramic.network/
https://ethglobal.com/events/hackfs2023,ETHGlobal Hackfs 2023,Hackfs,2023,N/A,chainsafe.io
https://ethglobal.com/events/hackfs2023,ETHGlobal Hackfs 2023,Hackfs,2023,Monaverse,https://monaverse.com/
https://ethglobal.com/events/hackfs2023,ETHGlobal Hackfs 2023,Hackfs,2023,Nft,https://nft.storage/
https://ethglobal.com/events/hackfs2023,ETHGlobal Hackfs 2023,Hackfs,2023,Docs,https://docs.filecoindata.tools/
https://ethglobal.com/events/hackfs2023,ETHGlobal Hackfs 2023,Hackfs,2023,Lighthouse,https://www.lighthouse.storage/
https://ethglobal.com/events/hackfs2023,ETHGlobal Hackfs 2023,Hackfs,2023,Drand,https://drand.love/
https://ethglobal.com/events/hackfs2023,ETHGlobal Hackfs 2023,Hackfs,2023,Zondax,https://zondax.ch/
https://ethglobal.com/events/hackfs2023,ETHGlobal Hackfs 2023,Hackfs,2023,N/A,fission.codes
https://ethglobal.com/events/autonomous,ETHGlobal Autonomous,Autonomous,2023,Optimism,https://optimism.io
https://ethglobal.com/events/autonomous,ETHGlobal Autonomous,Autonomous,2023,0Xparc,https://0xparc.org/
https://ethglobal.com/events/autonomous,ETHGlobal Autonomous,Autonomous,2023,Lattice,https://lattice.xyz/
https://ethglobal.com/events/autonomous,ETHGlobal Autonomous,Autonomous,2023,Nft,https://nft.storage/
https://ethglobal.com/events/lisbon,ETHGlobal Lisbon,Lisbon,2023,Gnosis,https://www.gnosis.io
https://ethglobal.com/events/lisbon,ETHGlobal Lisbon,Lisbon,2023,1Inch,https://1inch.io/
https://ethglobal.com/events/lisbon,ETHGlobal Lisbon,Lisbon,2023,Polygon,https://polygon.technology/
https://ethglobal.com/events/lisbon,ETHGlobal Lisbon,Lisbon,2023,Optimism,https://optimism.io
https://ethglobal.com/events/lisbon,ETHGlobal Lisbon,Lisbon,2023,World,https://world.org
https://ethglobal.com/events/lisbon,ETHGlobal Lisbon,Lisbon,2023,Apecoin,https://apecoin.com/
https://ethglobal.com/events/lisbon,ETHGlobal Lisbon,Lisbon,2023,Zkbob,https://www.zkbob.com/
https://ethglobal.com/events/lisbon,ETHGlobal Lisbon,Lisbon,2023,Safe,https://safe.global/
https://ethglobal.com/events/lisbon,ETHGlobal Lisbon,Lisbon,2023,Airstack,https://www.airstack.xyz/
https://ethglobal.com/events/lisbon,ETHGlobal Lisbon,Lisbon,2023,Ethereum,https://ethereum.foundation/
https://ethglobal.com/events/lisbon,ETHGlobal Lisbon,Lisbon,2023,Cartesi,https://cartesi.io/
https://ethglobal.com/events/lisbon,ETHGlobal Lisbon,Lisbon,2023,N/A,umaproject.org
https://ethglobal.com/events/lisbon,ETHGlobal Lisbon,Lisbon,2023,Metamask,https://metamask.io/
https://ethglobal.com/events/lisbon,ETHGlobal Lisbon,Lisbon,2023,Plnetwork,https://www.plnetwork.io/
https://ethglobal.com/events/lisbon,ETHGlobal Lisbon,Lisbon,2023,Lens,https://lens.xyz/
https://ethglobal.com/events/lisbon,ETHGlobal Lisbon,Lisbon,2023,Uniswapfoundation,https://www.uniswapfoundation.org
https://ethglobal.com/events/lisbon,ETHGlobal Lisbon,Lisbon,2023,Aavegrants,https://aavegrants.org/
https://ethglobal.com/events/lisbon,ETHGlobal Lisbon,Lisbon,2023,Thegraph,https://thegraph.com
https://ethglobal.com/events/lisbon,ETHGlobal Lisbon,Lisbon,2023,N/A,fuel.network
https://ethglobal.com/events/lisbon,ETHGlobal Lisbon,Lisbon,2023,Sismo,https://sismo.io/
https://ethglobal.com/events/lisbon,ETHGlobal Lisbon,Lisbon,2023,Neonevm,https://neonevm.org/
https://ethglobal.com/events/lisbon,ETHGlobal Lisbon,Lisbon,2023,Scroll,https://scroll.io
https://ethglobal.com/events/lisbon,ETHGlobal Lisbon,Lisbon,2023,Chain,https://chain.link/
https://ethglobal.com/events/lisbon,ETHGlobal Lisbon,Lisbon,2023,Nouns,https://nouns.wtf/
https://ethglobal.com/events/lisbon,ETHGlobal Lisbon,Lisbon,2023,Mantle,https://www.mantle.xyz/
https://ethglobal.com/events/tokyo,ETHGlobal Tokyo,Tokyo,2023,World,https://world.org
https://ethglobal.com/events/tokyo,ETHGlobal Tokyo,Tokyo,2023,Polygon,https://polygon.technology/
https://ethglobal.com/events/tokyo,ETHGlobal Tokyo,Tokyo,2023,Ethereum,https://ethereum.foundation/
https://ethglobal.com/events/tokyo,ETHGlobal Tokyo,Tokyo,2023,1Inch,https://1inch.io/
https://ethglobal.com/events/tokyo,ETHGlobal Tokyo,Tokyo,2023,Minaprotocol,https://minaprotocol.com/
https://ethglobal.com/events/tokyo,ETHGlobal Tokyo,Tokyo,2023,Lens,https://lens.xyz/
https://ethglobal.com/events/tokyo,ETHGlobal Tokyo,Tokyo,2023,Gnosis,https://www.gnosis.io
https://ethglobal.com/events/tokyo,ETHGlobal Tokyo,Tokyo,2023,Taiko,https://taiko.xyz/
https://ethglobal.com/events/tokyo,ETHGlobal Tokyo,Tokyo,2023,Metamask,https://metamask.io/
https://ethglobal.com/events/tokyo,ETHGlobal Tokyo,Tokyo,2023,Hyperlane,https://www.hyperlane.xyz
https://ethglobal.com/events/tokyo,ETHGlobal Tokyo,Tokyo,2023,Zkbob,https://www.zkbob.com/
https://ethglobal.com/events/tokyo,ETHGlobal Tokyo,Tokyo,2023,Plnetwork,https://www.plnetwork.io/
https://ethglobal.com/events/tokyo,ETHGlobal Tokyo,Tokyo,2023,Celo,https://www.celo.org
https://ethglobal.com/events/tokyo,ETHGlobal Tokyo,Tokyo,2023,Apecoin,https://apecoin.com/
https://ethglobal.com/events/tokyo,ETHGlobal Tokyo,Tokyo,2023,N/A,umaproject.org
https://ethglobal.com/events/tokyo,ETHGlobal Tokyo,Tokyo,2023,Airstack,https://www.airstack.xyz/
https://ethglobal.com/events/tokyo,ETHGlobal Tokyo,Tokyo,2023,Safe,https://safe.global/
https://ethglobal.com/events/tokyo,ETHGlobal Tokyo,Tokyo,2023,Aavegrants,https://aavegrants.org/
https://ethglobal.com/events/tokyo,ETHGlobal Tokyo,Tokyo,2023,Thegraph,https://thegraph.com
https://ethglobal.com/events/tokyo,ETHGlobal Tokyo,Tokyo,2023,Bunzz,https://bunzz.dev
https://ethglobal.com/events/tokyo,ETHGlobal Tokyo,Tokyo,2023,Reazon,https://reazon.jp/
https://ethglobal.com/events/tokyo,ETHGlobal Tokyo,Tokyo,2023,N/A,#
https://ethglobal.com/events/tokyo,ETHGlobal Tokyo,Tokyo,2023,Scroll,https://scroll.io
https://ethglobal.com/events/tokyo,ETHGlobal Tokyo,Tokyo,2023,Quantstamp,https://quantstamp.com/
https://ethglobal.com/events/tokyo,ETHGlobal Tokyo,Tokyo,2023,N/A,livepeer.org
https://ethglobal.com/events/tokyo,ETHGlobal Tokyo,Tokyo,2023,Sismo,https://sismo.io/
https://ethglobal.com/events/tokyo,ETHGlobal Tokyo,Tokyo,2023,Uniswapfoundation,https://www.uniswapfoundation.org
https://ethglobal.com/events/tokyo,ETHGlobal Tokyo,Tokyo,2023,N/A,huddle01.com
https://ethglobal.com/events/tokyo,ETHGlobal Tokyo,Tokyo,2023,Developers,https://developers.intmax.io/
https://ethglobal.com/events/tokyo,ETHGlobal Tokyo,Tokyo,2023,Quicknode,https://www.quicknode.com/
https://ethglobal.com/events/tokyo,ETHGlobal Tokyo,Tokyo,2023,N/A,superfluid.finance
https://ethglobal.com/events/tokyo,ETHGlobal Tokyo,Tokyo,2023,Push,https://push.org
https://ethglobal.com/events/tokyo,ETHGlobal Tokyo,Tokyo,2023,N/A,secured.finance
https://ethglobal.com/events/tokyo,ETHGlobal Tokyo,Tokyo,2023,Litprotocol,https://litprotocol.com/
https://ethglobal.com/events/tokyo,ETHGlobal Tokyo,Tokyo,2023,Mantle,https://www.mantle.xyz/
https://ethglobal.com/events/tokyo,ETHGlobal Tokyo,Tokyo,2023,Curvegrid,http://www.curvegrid.com
https://ethglobal.com/events/scaling2023,ETHGlobal Scaling 2023,Scaling,2023,Optimism,https://optimism.io
https://ethglobal.com/events/scaling2023,ETHGlobal Scaling 2023,Scaling,2023,Gnosis,https://www.gnosis.io
https://ethglobal.com/events/scaling2023,ETHGlobal Scaling 2023,Scaling,2023,Scroll,https://scroll.io
https://ethglobal.com/events/scaling2023,ETHGlobal Scaling 2023,Scaling,2023,Polygon,https://polygon.technology/
https://ethglobal.com/events/scaling2023,ETHGlobal Scaling 2023,Scaling,2023,N/A,umaproject.org
https://ethglobal.com/events/scaling2023,ETHGlobal Scaling 2023,Scaling,2023,Plnetwork,https://www.plnetwork.io/
https://ethglobal.com/events/scaling2023,ETHGlobal Scaling 2023,Scaling,2023,Hyperlane,https://www.hyperlane.xyz
https://ethglobal.com/events/scaling2023,ETHGlobal Scaling 2023,Scaling,2023,Apecoin,https://apecoin.com/
https://ethglobal.com/events/scaling2023,ETHGlobal Scaling 2023,Scaling,2023,N/A,fuel.network
https://ethglobal.com/events/scaling2023,ETHGlobal Scaling 2023,Scaling,2023,Taiko,https://taiko.xyz/
https://ethglobal.com/events/scaling2023,ETHGlobal Scaling 2023,Scaling,2023,Thegraph,https://thegraph.com
https://ethglobal.com/events/scaling2023,ETHGlobal Scaling 2023,Scaling,2023,Developers,https://developers.intmax.io/
https://ethglobal.com/events/scaling2023,ETHGlobal Scaling 2023,Scaling,2023,Mantle,https://www.mantle.xyz/
https://ethglobal.com/events/scaling2023,ETHGlobal Scaling 2023,Scaling,2023,Push,https://push.org
https://ethglobal.com/events/scaling2023,ETHGlobal Scaling 2023,Scaling,2023,Zksync,https://zksync.io/
https://ethglobal.com/events/scaling2023,ETHGlobal Scaling 2023,Scaling,2023,Polybase,https://polybase.xyz/
https://ethglobal.com/events/scaling2023,ETHGlobal Scaling 2023,Scaling,2023,N/A,connext.network
https://ethglobal.com/events/spacewarp,ETHGlobal Spacewarp,Spacewarp,2023,Plnetwork,https://www.plnetwork.io/
https://ethglobal.com/events/spacewarp,ETHGlobal Spacewarp,Spacewarp,2023,Lighthouse,https://www.lighthouse.storage/
https://ethglobal.com/events/spacewarp,ETHGlobal Spacewarp,Spacewarp,2023,N/A,livepeer.org
https://ethglobal.com/events/spacewarp,ETHGlobal Spacewarp,Spacewarp,2023,N/A,huddle01.com
https://ethglobal.com/events/spacewarp,ETHGlobal Spacewarp,Spacewarp,2023,Push,https://push.org
https://ethglobal.com/events/spacewarp,ETHGlobal Spacewarp,Spacewarp,2023,Spheron,https://spheron.network
