"event_name","location","year","partner_name","partner_url"
"ETHGlobal Agents","Agents","2025","Autono","https://www.autono.meme/"
"ETHGlobal Agents","Agents","2025","Gaianet","https://www.gaianet.ai"
"ETHGlobal Agents","Agents","2025","Nethermind","https://www.nethermind.io/"
"ETHGlobal Agents","Agents","2025","Flow","https://flow.com/"
"ETHGlobal Agents","Agents","2025","Litprotocol","https://litprotocol.com/"
"ETHGlobal Agents","Agents","2025","Wardenprotocol","https://wardenprotocol.org/"
"ETHGlobal Taipei","Taipei","2025","Curvegrid","http://www.curvegrid.com"
"ETHGlobal Taipei","Taipei","2025","Ens","https://ens.domains"
"ETHGlobal Taipei","Taipei","2025","Circle","https://circle.com"
"ETHGlobal Taipei","Taipei","2025","Polygon","https://polygon.technology/"
"ETHGlobal Taipei","Taipei","2025","Flow","https://flow.com/"
"ETHGlobal Taipei","Taipei","2025","Privy","https://www.privy.io/"
"ETHGlobal Taipei","Taipei","2025","Gnosis","https://gnosis.io"
"ETHGlobal Prague","Prague","2025","Blockscout","https://www.blockscout.com/"
"ETHGlobal Prague","Prague","2025","Polygon","https://polygon.technology/"
"ETHGlobal Prague","Prague","2025","Vlayer","https://www.vlayer.xyz/"
"ETHGlobal Prague","Prague","2025","Hedera","https://hedera.com/"
"ETHGlobal Prague","Prague","2025","Flare","https://flare.network/"
"ETHGlobal Prague","Prague","2025","Flow","https://flow.com/"
"ETHGlobal Prague","Prague","2025","Privy","https://www.privy.io/"
"ETHGlobal Cannes","Cannes","2025","Flow","https://flow.com/"
"ETHGlobal Cannes","Cannes","2025","Ens","https://ens.domains"
"ETHGlobal Cannes","Cannes","2025","Circle","https://circle.com"
"ETHGlobal Cannes","Cannes","2025","Polygon","https://polygon.technology/"
"ETHGlobal Cannes","Cannes","2025","Availproject","https://www.availproject.org/"
"ETHGlobal Cannes","Cannes","2025","Ledger","https://ledger.com"
"ETHGlobal Cannes","Cannes","2025","Flare","https://flare.network/"
"ETHGlobal Cannes","Cannes","2025","Oasisprotocol","https://oasisprotocol.org/"
"ETHGlobal Newyork2025","Newyork2025","2025","Ens","https://ens.domains"
"ETHGlobal Newyork2025","Newyork2025","2025","Circle","https://circle.com"
"ETHGlobal Newyork2025","Newyork2025","2025","Ledger","https://ledger.com"
"ETHGlobal Newyork2025","Newyork2025","2025","Vlayer","https://www.vlayer.xyz/"
"ETHGlobal Newyork2025","Newyork2025","2025","Hedera","https://hedera.com/"
"ETHGlobal Newyork2025","Newyork2025","2025","Flare","https://flare.network/"
"ETHGlobal Newyork2025","Newyork2025","2025","Litprotocol","https://litprotocol.com/"
"ETHGlobal Newyork2025","Newyork2025","2025","Privy","https://www.privy.io/"
"ETHGlobal Newdelhi","Newdelhi","2025","Ens","https://ens.domains"
"ETHGlobal Newdelhi","Newdelhi","2025","Polygon","https://polygon.technology/"
"ETHGlobal Newdelhi","Newdelhi","2025","Hedera","https://hedera.com/"
"Ethonline 2025","Ethonline 2025","2025","Availproject","https://www.availproject.org/"
"Ethonline 2025","Ethonline 2025","2025","Blockscout","https://www.blockscout.com/"
"Ethonline 2025","Ethonline 2025","2025","Altlayer","https://www.altlayer.io/"
"Ethonline 2025","Ethonline 2025","2025","Envio","https://envio.dev/"
"Ethonline 2025","Ethonline 2025","2025","Litprotocol","https://litprotocol.com/"
"Ethglobal Devconnect","Ethglobal Devconnect","2025","Ledger","https://ledger.com"
"Ethglobal Devconnect","Ethglobal Devconnect","2025","Circle","https://circle.com"
"Ethglobal Devconnect","Ethglobal Devconnect","2025","Nethermind","https://www.nethermind.io/"
"Ethglobal Devconnect","Ethglobal Devconnect","2025","Flare","https://flare.network/"
"Ethglobal Devconnect","Ethglobal Devconnect","2025","Hedera","https://hedera.com/"
"Ethglobal Devconnect","Ethglobal Devconnect","2025","Availproject","https://www.availproject.org/"
"Ethglobal Devconnect","Ethglobal Devconnect","2025","Polygon","https://polygon.technology/"
"Ethglobal Devconnect","Ethglobal Devconnect","2025","Oasisprotocol","https://oasisprotocol.org/"
"Ethglobal Devconnect","Ethglobal Devconnect","2025","Curvegrid","http://www.curvegrid.com"
"Ethglobal Devconnect","Ethglobal Devconnect","2025","Ens","https://ens.domains"
"Ethglobal Devconnect","Ethglobal Devconnect","2025","Privy","https://www.privy.io/"
"Ethglobal Devconnect","Ethglobal Devconnect","2025","Gnosis","https://gnosis.io"
"ETHGlobal Bangkok","Bangkok","2024","Bitkubcapital","https://www.bitkubcapital.com/"
"ETHGlobal Bangkok","Bangkok","2024","Coinbase","https://coinbase.com/developer-platform"
"ETHGlobal Bangkok","Bangkok","2024","Plnetwork","https://www.plnetwork.io/"
"ETHGlobal Bangkok","Bangkok","2024","Kinto","https://kinto.xyz/"
"ETHGlobal Bangkok","Bangkok","2024","Polygon","https://polygon.technology/"
"ETHGlobal Bangkok","Bangkok","2024","Sign","https://sign.global/"
"ETHGlobal Bangkok","Bangkok","2024","Arbitrum","https://arbitrum.io/"
"ETHGlobal Bangkok","Bangkok","2024","Flow","https://flow.com/"
"ETHGlobal Bangkok","Bangkok","2024","1Inch","https://1inch.io/"
"ETHGlobal Bangkok","Bangkok","2024","Layerzero","https://layerzero.network/"
"ETHGlobal Bangkok","Bangkok","2024","Uniswapfoundation","https://www.uniswapfoundation.org"
"ETHGlobal Bangkok","Bangkok","2024","Scroll","https://scroll.io"
"ETHGlobal Bangkok","Bangkok","2024","Pyth","https://pyth.network/"
"ETHGlobal Bangkok","Bangkok","2024","Minaprotocol","https://minaprotocol.com/"
"ETHGlobal Bangkok","Bangkok","2024","Chain","https://chain.link/"
"ETHGlobal Bangkok","Bangkok","2024","World","https://world.org"
"ETHGlobal Bangkok","Bangkok","2024","Blockscout","https://www.blockscout.com/"
"ETHGlobal Bangkok","Bangkok","2024","Availproject","https://www.availproject.org/"
"ETHGlobal Bangkok","Bangkok","2024","Hyperlane","https://www.hyperlane.xyz"
"ETHGlobal Bangkok","Bangkok","2024","Nethermind","https://www.nethermind.io/"
"ETHGlobal Bangkok","Bangkok","2024","Web3Auth","https://web3auth.io"
"ETHGlobal Bangkok","Bangkok","2024","Phala","https://phala.network/"
"ETHGlobal Bangkok","Bangkok","2024","Gnosis","https://gnosis.io"
"ETHGlobal Bangkok","Bangkok","2024","Dynamic","https://www.dynamic.xyz/"
"ETHGlobal Bangkok","Bangkok","2024","Ens","https://ens.domains"
"ETHGlobal Bangkok","Bangkok","2024","Push","https://push.org"
"ETHGlobal Bangkok","Bangkok","2024","Vlayer","https://www.vlayer.xyz/"
"ETHGlobal Bangkok","Bangkok","2024","Mantle","https://www.mantle.xyz/"
"ETHGlobal Bangkok","Bangkok","2024","Cow","https://cow.fi/"
"ETHGlobal Bangkok","Bangkok","2024","Circle","https://circle.com"
"ETHGlobal Bangkok","Bangkok","2024","Ledger","https://ledger.com"
"ETHGlobal Bangkok","Bangkok","2024","Inco","https://www.inco.org/"
"ETHGlobal Bangkok","Bangkok","2024","Chiliz","https://www.chiliz.com/developers/"
"ETHGlobal Bangkok","Bangkok","2024","Hedera","https://hedera.com/"
"ETHGlobal Bangkok","Bangkok","2024","Powerloom","https://powerloom.io"
"ETHGlobal Bangkok","Bangkok","2024","Near","https://near.org/"
"ETHGlobal Bangkok","Bangkok","2024","Rootstock","https://rootstock.io/"
"ETHGlobal Bangkok","Bangkok","2024","Biconomy","https://www.biconomy.io/"
"ETHGlobal Bangkok","Bangkok","2024","Chroniclelabs","https://chroniclelabs.org/"
"ETHGlobal Bangkok","Bangkok","2024","Flare","https://flare.network/"
"ETHGlobal Bangkok","Bangkok","2024","Celo","https://www.celo.org"
"ETHGlobal Bangkok","Bangkok","2024","Nillion","https://www.nillion.com/"
"ETHGlobal Bangkok","Bangkok","2024","Zircuit","https://www.zircuit.com/"
"ETHGlobal Bangkok","Bangkok","2024","Cartesi","https://cartesi.io/"
"ETHGlobal Bangkok","Bangkok","2024","Base","https://www.base.org/"
"ETHGlobal Bangkok","Bangkok","2024","Thegraph","https://thegraph.com"
"ETHGlobal Bangkok","Bangkok","2024","Bitdsm","http://bitdsm.org"
"ETHGlobal Bangkok","Bangkok","2024","Neonevm","https://neonevm.org/"
"ETHGlobal Bangkok","Bangkok","2024","Brevis","https://brevis.network/"
"ETHGlobal Bangkok","Bangkok","2024","Blog","https://blog.essential.builders/"
"ETHGlobal Bangkok","Bangkok","2024","Oasisprotocol","https://oasisprotocol.org/"
"ETHGlobal Bangkok","Bangkok","2024","Xmtp","https://xmtp.org/"
"ETHGlobal Bangkok","Bangkok","2024","Rome","https://www.rome.builders/"
"ETHGlobal Bangkok","Bangkok","2024","Liquity","https://liquity.org"
"ETHGlobal Bangkok","Bangkok","2024","Privy","https://www.privy.io/"
"ETHGlobal Bangkok","Bangkok","2024","Curvegrid","http://www.curvegrid.com"
"ETHGlobal Bangkok","Bangkok","2024","Metamask","https://metamask.io/"
"ETHGlobal Bangkok","Bangkok","2024","Nouns","https://nouns.wtf/"
"ETHGlobal Bangkok","Bangkok","2024","Blockless","https://blockless.network/"
"ETHGlobal Bangkok","Bangkok","2024","Euler","https://www.euler.finance/"
"ETHGlobal Bangkok","Bangkok","2024","Fhenix","https://www.fhenix.io/"
"ETHGlobal Bangkok","Bangkok","2024","Litprotocol","https://litprotocol.com/"
"ETHGlobal Bangkok","Bangkok","2024","Arx","https://arx.org"
"ETHGlobal Bangkok","Bangkok","2024","Morphl2","https://www.morphl2.io/"
"ETHGlobal Bangkok","Bangkok","2024","Axelar","https://axelar.network/"
"ETHGlobal Bangkok","Bangkok","2024","Venn","https://venn.build/"
"ETHGlobal Bangkok","Bangkok","2024","Usecapsule","https://usecapsule.com"
"ETHGlobal Bangkok","Bangkok","2024","Kinode","https://Kinode.org"
"ETHGlobal Bangkok","Bangkok","2024","Hyperbolic","https://hyperbolic.xyz/"
"ETHGlobal Sanfrancisco2024","Sanfrancisco2024","2024","Story","https://www.story.foundation/"
"ETHGlobal Sanfrancisco2024","Sanfrancisco2024","2024","Sign","https://sign.global/"
"ETHGlobal Sanfrancisco2024","Sanfrancisco2024","2024","Polygon","https://polygon.technology/"
"ETHGlobal Sanfrancisco2024","Sanfrancisco2024","2024","Flow","https://flow.com/"
"ETHGlobal Sanfrancisco2024","Sanfrancisco2024","2024","Airdao","https://airdao.io/"
"ETHGlobal Sanfrancisco2024","Sanfrancisco2024","2024","Uniswapfoundation","https://www.uniswapfoundation.org"
"ETHGlobal Sanfrancisco2024","Sanfrancisco2024","2024","Skale","https://skale.space/"
"ETHGlobal Sanfrancisco2024","Sanfrancisco2024","2024","Layerzero","https://layerzero.network/"
"ETHGlobal Sanfrancisco2024","Sanfrancisco2024","2024","Nethermind","https://www.nethermind.io/"
"ETHGlobal Sanfrancisco2024","Sanfrancisco2024","2024","Availproject","https://www.availproject.org/"
"ETHGlobal Sanfrancisco2024","Sanfrancisco2024","2024","Coinbase","https://coinbase.com/developer-platform"
"ETHGlobal Sanfrancisco2024","Sanfrancisco2024","2024","Litprotocol","https://litprotocol.com/"
"ETHGlobal Sanfrancisco2024","Sanfrancisco2024","2024","Circle","https://circle.com"
"ETHGlobal Sanfrancisco2024","Sanfrancisco2024","2024","Hedera","https://hedera.com/"
"ETHGlobal Sanfrancisco2024","Sanfrancisco2024","2024","Thegraph","https://thegraph.com"
"ETHGlobal Sanfrancisco2024","Sanfrancisco2024","2024","Ledger","https://ledger.com"
"ETHGlobal Sanfrancisco2024","Sanfrancisco2024","2024","Ens","https://ens.domains"
"ETHGlobal Sanfrancisco2024","Sanfrancisco2024","2024","Delv","https://www.delv.tech/"
"ETHGlobal Sanfrancisco2024","Sanfrancisco2024","2024","Chroniclelabs","https://chroniclelabs.org/"
"ETHGlobal Sanfrancisco2024","Sanfrancisco2024","2024","Gnosis","https://www.gnosis.io"
"ETHGlobal Sanfrancisco2024","Sanfrancisco2024","2024","Neonevm","https://neonevm.org/"
"ETHGlobal Sanfrancisco2024","Sanfrancisco2024","2024","Rootstock","https://rootstock.io/"
"ETHGlobal Sanfrancisco2024","Sanfrancisco2024","2024","Near","https://near.org/"
"ETHGlobal Sanfrancisco2024","Sanfrancisco2024","2024","Xmtp","https://xmtp.org/"
"ETHGlobal Sanfrancisco2024","Sanfrancisco2024","2024","Walrus","https://www.walrus.xyz/"
"ETHGlobal Sanfrancisco2024","Sanfrancisco2024","2024","Blog","https://blog.essential.builders/"
"ETHGlobal Sanfrancisco2024","Sanfrancisco2024","2024","Dynamic","https://www.dynamic.xyz/"
"ETHGlobal Sanfrancisco2024","Sanfrancisco2024","2024","Zircuit","https://www.zircuit.com/"
"ETHGlobal Sanfrancisco2024","Sanfrancisco2024","2024","Blockless","https://blockless.network/"
"ETHGlobal Sanfrancisco2024","Sanfrancisco2024","2024","Unlimit","https://www.unlimit.com/"
"ETHGlobal Sanfrancisco2024","Sanfrancisco2024","2024","Morphl2","https://www.morphl2.io/"
"ETHGlobal Sanfrancisco2024","Sanfrancisco2024","2024","Fhenix","https://www.fhenix.io/"
"ETHGlobal Sanfrancisco2024","Sanfrancisco2024","2024","Phala","https://phala.network/"
"ETHGlobal Sanfrancisco2024","Sanfrancisco2024","2024","Alchemy","https://www.alchemy.com/"
"ETHGlobal Sanfrancisco2024","Sanfrancisco2024","2024","Nouns","https://nouns.wtf/"
"ETHGlobal Sanfrancisco2024","Sanfrancisco2024","2024","Privy","https://www.privy.io/"
"ETHGlobal Sanfrancisco2024","Sanfrancisco2024","2024","Stackrlabs","https://www.stackrlabs.xyz/"
"ETHGlobal Singapore2024","Singapore2024","2024","Sign","https://sign.global/"
"ETHGlobal Singapore2024","Singapore2024","2024","Airdao","https://airdao.io/"
"ETHGlobal Singapore2024","Singapore2024","2024","World","https://world.org"
"ETHGlobal Singapore2024","Singapore2024","2024","1Inch","https://1inch.io/"
"ETHGlobal Singapore2024","Singapore2024","2024","Uniswapfoundation","https://www.uniswapfoundation.org"
"ETHGlobal Singapore2024","Singapore2024","2024","Minaprotocol","https://minaprotocol.com/"
"ETHGlobal Singapore2024","Singapore2024","2024","Nethermind","https://www.nethermind.io/"
"ETHGlobal Singapore2024","Singapore2024","2024","Gnosis","https://www.gnosis.io"
"ETHGlobal Singapore2024","Singapore2024","2024","Dynamic","https://www.dynamic.xyz/"
"ETHGlobal Singapore2024","Singapore2024","2024","Hyperlane","https://www.hyperlane.xyz"
"ETHGlobal Singapore2024","Singapore2024","2024","Hedera","https://hedera.com/"
"ETHGlobal Singapore2024","Singapore2024","2024","Circle","https://circle.com"
"ETHGlobal Singapore2024","Singapore2024","2024","Thegraph","https://thegraph.com"
"ETHGlobal Singapore2024","Singapore2024","2024","Rootstock","https://rootstock.io/"
"ETHGlobal Singapore2024","Singapore2024","2024","Flow","https://flow.com/"
"ETHGlobal Singapore2024","Singapore2024","2024","Ens","https://ens.domains"
"ETHGlobal Singapore2024","Singapore2024","2024","Chain","https://chain.link/"
"ETHGlobal Singapore2024","Singapore2024","2024","Near","https://near.org/"
"ETHGlobal Singapore2024","Singapore2024","2024","Oasisprotocol","https://oasisprotocol.org/"
"ETHGlobal Singapore2024","Singapore2024","2024","Layerzero","https://layerzero.network/"
"ETHGlobal Singapore2024","Singapore2024","2024","Ethereum","https://ethereum.foundation/"
"ETHGlobal Singapore2024","Singapore2024","2024","Availproject","https://www.availproject.org/"
"ETHGlobal Singapore2024","Singapore2024","2024","Pyth","https://pyth.network/"
"ETHGlobal Singapore2024","Singapore2024","2024","Gaianet","https://www.gaianet.ai"
"ETHGlobal Singapore2024","Singapore2024","2024","Ledger","https://ledger.com"
"ETHGlobal Singapore2024","Singapore2024","2024","Nouns","https://nouns.wtf/"
"ETHGlobal Singapore2024","Singapore2024","2024","Metamask","https://metamask.io/"
"ETHGlobal Singapore2024","Singapore2024","2024","Phala","https://phala.network/"
"ETHGlobal Singapore2024","Singapore2024","2024","Morphl2","https://www.morphl2.io/"
"ETHGlobal Singapore2024","Singapore2024","2024","Reown","https://reown.com/"
"ETHGlobal Singapore2024","Singapore2024","2024","Fhenix","https://www.fhenix.io/"
"Ethonline2024","Ethonline2024","2024","Sign","https://sign.global/"
"Ethonline2024","Ethonline2024","2024","Minaprotocol","https://minaprotocol.com/"
"Ethonline2024","Ethonline2024","2024","Layerzero","https://layerzero.network/"
"Ethonline2024","Ethonline2024","2024","Galadriel","https://www.galadriel.com/"
"Ethonline2024","Ethonline2024","2024","Ssv","https://ssv.network/"
"Ethonline2024","Ethonline2024","2024","Litprotocol","https://litprotocol.com/"
"Ethonline2024","Ethonline2024","2024","Kinto","https://kinto.xyz/"
"Ethonline2024","Ethonline2024","2024","Rootstock","https://rootstock.io/"
"Ethonline2024","Ethonline2024","2024","Hedera","https://hedera.com/"
"Ethonline2024","Ethonline2024","2024","Chain","https://chain.link/"
"Ethonline2024","Ethonline2024","2024","Xmtp","https://xmtp.org/"
"Ethonline2024","Ethonline2024","2024","Chiliz","https://www.chiliz.com/developers/"
"Ethonline2024","Ethonline2024","2024","Dimo","https://dimo.zone/"
"Ethonline2024","Ethonline2024","2024","Envio","https://envio.dev/"
"Ethonline2024","Ethonline2024","2024","Web3Auth","https://web3auth.io"
"Ethonline2024","Ethonline2024","2024","Nillion","https://www.nillion.com/"
"Ethonline2024","Ethonline2024","2024","Stackrlabs","https://www.stackrlabs.xyz/"
"Ethonline2024","Ethonline2024","2024","Availproject","https://www.availproject.org/"
"Ethonline2024","Ethonline2024","2024","Blockless","https://blockless.network/"
"Ethonline2024","Ethonline2024","2024","Fhenix","https://www.fhenix.io/"
"Ethonline2024","Ethonline2024","2024","Tableland","https://tableland.xyz/"
"Ethonline2024","Ethonline2024","2024","Morphl2","https://www.morphl2.io/"
"Ethonline2024","Ethonline2024","2024","Nethermind","https://www.nethermind.io/"
"ETHGlobal Superhack2024","Superhack2024","2024","World","https://world.org"
"ETHGlobal Superhack2024","Superhack2024","2024","Base","https://www.base.org/"
"ETHGlobal Superhack2024","Superhack2024","2024","Optimism","https://optimism.io"
"ETHGlobal Superhack2024","Superhack2024","2024","Metall2","https://metall2.com/"
"ETHGlobal Superhack2024","Superhack2024","2024","Celo","https://www.celo.org"
"ETHGlobal Superhack2024","Superhack2024","2024","Superform","https://www.superform.xyz/"
"ETHGlobal Superhack2024","Superhack2024","2024","Attest","https://attest.sh"
"ETHGlobal Superhack2024","Superhack2024","2024","Pyth","https://pyth.network/"
"ETHGlobal Superhack2024","Superhack2024","2024","Frax","https://frax.com/"
"ETHGlobal Superhack2024","Superhack2024","2024","Conduit","https://conduit.xyz/"
"ETHGlobal Superhack2024","Superhack2024","2024","Docs","https://docs.mode.network/"
"ETHGlobal Superhack2024","Superhack2024","2024","Blockscout","https://www.blockscout.com/"
"ETHGlobal Superhack2024","Superhack2024","2024","Thirdweb","https://thirdweb.com/"
"ETHGlobal Superhack2024","Superhack2024","2024","Goldsky","https://goldsky.com/"
"ETHGlobal Superhack2024","Superhack2024","2024","Tenderly","https://tenderly.co/"
"ETHGlobal Superhack2024","Superhack2024","2024","Farcaster","https://www.farcaster.xyz/"
"ETHGlobal Superhack2024","Superhack2024","2024","Alchemy","https://www.alchemy.com/"
"ETHGlobal Superhack2024","Superhack2024","2024","Chain","https://chain.link/"
"ETHGlobal Brussels","Brussels","2024","World","https://world.org"
"ETHGlobal Brussels","Brussels","2024","Plnetwork","https://www.plnetwork.io/"
"ETHGlobal Brussels","Brussels","2024","Arbitrum","https://arbitrum.io/"
"ETHGlobal Brussels","Brussels","2024","Pancakeswap","https://pancakeswap.finance/"
"ETHGlobal Brussels","Brussels","2024","Uniswapfoundation","https://www.uniswapfoundation.org"
"ETHGlobal Brussels","Brussels","2024","Polygon","https://polygon.technology/"
"ETHGlobal Brussels","Brussels","2024","Blockscout","https://www.blockscout.com/"
"ETHGlobal Brussels","Brussels","2024","Layerzero","https://layerzero.network/"
"ETHGlobal Brussels","Brussels","2024","Availproject","https://www.availproject.org/"
"ETHGlobal Brussels","Brussels","2024","Dynamic","https://www.dynamic.xyz/"
"ETHGlobal Brussels","Brussels","2024","1Inch","https://1inch.io/"
"ETHGlobal Brussels","Brussels","2024","Zircuit","https://www.zircuit.com/"
"ETHGlobal Brussels","Brussels","2024","Rootstock","https://rootstock.io/"
"ETHGlobal Brussels","Brussels","2024","Web3Auth","https://web3auth.io"
"ETHGlobal Brussels","Brussels","2024","Hyperlane","https://www.hyperlane.xyz"
"ETHGlobal Brussels","Brussels","2024","Circle","https://circle.com"
"ETHGlobal Brussels","Brussels","2024","Nethermind","https://www.nethermind.io/"
"ETHGlobal Brussels","Brussels","2024","Base","https://www.base.org/"
"ETHGlobal Brussels","Brussels","2024","Safe","https://safe.global/"
"ETHGlobal Brussels","Brussels","2024","Thegraph","https://thegraph.com"
"ETHGlobal Brussels","Brussels","2024","Aboutcircles","https://www.aboutcircles.com/"
"ETHGlobal Brussels","Brussels","2024","Apecoin","https://apecoin.com/"
"ETHGlobal Brussels","Brussels","2024","Chroniclelabs","https://chroniclelabs.org/"
"ETHGlobal Brussels","Brussels","2024","Pyth","https://pyth.network/"
"ETHGlobal Brussels","Brussels","2024","Inco","https://www.inco.org/"
"ETHGlobal Brussels","Brussels","2024","Chain","https://chain.link/"
"ETHGlobal Brussels","Brussels","2024","Celo","https://www.celo.org"
"ETHGlobal Brussels","Brussels","2024","Scroll","https://scroll.io"
"ETHGlobal Brussels","Brussels","2024","Morphl2","https://www.morphl2.io/"
"ETHGlobal Brussels","Brussels","2024","Galadriel","https://www.galadriel.com/"
"ETHGlobal Brussels","Brussels","2024","Near","https://near.org/"
"ETHGlobal Brussels","Brussels","2024","Flare","https://flare.network/"
"ETHGlobal Brussels","Brussels","2024","N/A","zerion.io"
"ETHGlobal Brussels","Brussels","2024","Ens","https://ens.domains"
"ETHGlobal Brussels","Brussels","2024","Ethereum","https://ethereum.foundation/"
"ETHGlobal Brussels","Brussels","2024","Nillion","https://www.nillion.com/"
"ETHGlobal Brussels","Brussels","2024","Reown","https://reown.com/"
"ETHGlobal Brussels","Brussels","2024","Neonevm","https://neonevm.org/"
"ETHGlobal Brussels","Brussels","2024","Nouns","https://nouns.wtf/"
"ETHGlobal Brussels","Brussels","2024","Metamask","https://metamask.io/"
"ETHGlobal Brussels","Brussels","2024","Developers","https://developers.intmax.io/"
"ETHGlobal Brussels","Brussels","2024","Fhenix","https://www.fhenix.io/"
"ETHGlobal Brussels","Brussels","2024","Gear","https://gear.foundation/"
"ETHGlobal Brussels","Brussels","2024","Privy","https://www.privy.io/"
"ETHGlobal Starkhack","Starkhack","2024","Starknet","https://www.starknet.io/en/posts/foundation"
"ETHGlobal Starkhack","Starkhack","2024","Starkware","https://starkware.co/"
"ETHGlobal Starkhack","Starkhack","2024","Cartridge","https://cartridge.gg/"
"ETHGlobal Starkhack","Starkhack","2024","Voyager","https://voyager.online/"
"ETHGlobal Starkhack","Starkhack","2024","Dynamic","https://www.dynamic.xyz/"
"ETHGlobal Starkhack","Starkhack","2024","Herodotus","https://herodotus.dev/"
"ETHGlobal Starkhack","Starkhack","2024","Tokenflow","https://tokenflow.live/"
"ETHGlobal Starkhack","Starkhack","2024","Nethermind","https://www.nethermind.io/"
"ETHGlobal Starkhack","Starkhack","2024","Argent","https://www.argent.xyz/"
"ETHGlobal Hackfs2024","Hackfs2024","2024","Plnetwork","https://www.plnetwork.io/"
"ETHGlobal Hackfs2024","Hackfs2024","2024","Litprotocol","https://litprotocol.com/"
"ETHGlobal Hackfs2024","Hackfs2024","2024","Fluence","https://fluence.network/"
"ETHGlobal Hackfs2024","Hackfs2024","2024","Galadriel","https://www.galadriel.com/"
"ETHGlobal Hackfs2024","Hackfs2024","2024","Monaverse","https://monaverse.com/"
"ETHGlobal Hackfs2024","Hackfs2024","2024","Powerloom","https://powerloom.io"
"ETHGlobal Hackfs2024","Hackfs2024","2024","Coophive","https://www.coophive.network/"
"ETHGlobal Hackfs2024","Hackfs2024","2024","N/A","huddle01.com"
"ETHGlobal Hackfs2024","Hackfs2024","2024","Fleek","https://fleek.xyz/"
"ETHGlobal Hackfs2024","Hackfs2024","2024","Ens","https://ens.domains"
"ETHGlobal Hackfs2024","Hackfs2024","2024","Starknet","https://www.starknet.io/en/posts/foundation"
"ETHGlobal Hackfs2024","Hackfs2024","2024","Weatherxm","https://weatherxm.com/"
"ETHGlobal Hackfs2024","Hackfs2024","2024","Zondax","https://zondax.ch/"
"ETHGlobal Hackfs2024","Hackfs2024","2024","Squidrouter","https://www.squidrouter.com/"
"ETHGlobal Hackfs2024","Hackfs2024","2024","Docs","https://docs.lilypad.tech/lilypad"
"ETHGlobal Hackfs2024","Hackfs2024","2024","N/A","chainsafe.io"
"ETHGlobal Sydney","Sydney","2024","World","https://world.org"
"ETHGlobal Sydney","Sydney","2024","Mantle","https://www.mantle.xyz/"
"ETHGlobal Sydney","Sydney","2024","Chain","https://chain.link/"
"ETHGlobal Sydney","Sydney","2024","Unlimit","https://www.unlimit.com/"
"ETHGlobal Sydney","Sydney","2024","Nethermind","https://www.nethermind.io/"
"ETHGlobal Sydney","Sydney","2024","Dabl","https://www.dabl.club/"
"ETHGlobal Sydney","Sydney","2024","Base","https://www.base.org/"
"ETHGlobal Sydney","Sydney","2024","Availproject","https://www.availproject.org/"
"ETHGlobal Sydney","Sydney","2024","Nouns","https://nouns.wtf/"
"ETHGlobal Sydney","Sydney","2024","Openmesh","https://www.openmesh.network/"
"ETHGlobal Sydney","Sydney","2024","Docs","https://docs.lilypad.tech/lilypad"
"ETHGlobal Scaling2024","Scaling2024","2024","Arbitrum","https://arbitrum.io/"
"ETHGlobal Scaling2024","Scaling2024","2024","Sign","https://sign.global/"
"ETHGlobal Scaling2024","Scaling2024","2024","Plnetwork","https://www.plnetwork.io/"
"ETHGlobal Scaling2024","Scaling2024","2024","Gnosis","https://www.gnosis.io"
"ETHGlobal Scaling2024","Scaling2024","2024","Risczero","https://www.risczero.com/"
"ETHGlobal Scaling2024","Scaling2024","2024","Morphl2","https://www.morphl2.io/"
"ETHGlobal Scaling2024","Scaling2024","2024","Neonevm","https://neonevm.org/"
"ETHGlobal Scaling2024","Scaling2024","2024","Availproject","https://www.availproject.org/"
"ETHGlobal Scaling2024","Scaling2024","2024","Nillion","https://www.nillion.com/"
"ETHGlobal Scaling2024","Scaling2024","2024","Powerloom","https://powerloom.io"
"ETHGlobal Scaling2024","Scaling2024","2024","Witness","https://Witness.co"
"ETHGlobal Scaling2024","Scaling2024","2024","Curvegrid","http://www.curvegrid.com"
"ETHGlobal Frameworks","Frameworks","2024","Pinata","https://www.pinata.cloud/"
"ETHGlobal Frameworks","Frameworks","2024","Xmtp","https://xmtp.org/"
"ETHGlobal Frameworks","Frameworks","2024","Dynamic","https://www.dynamic.xyz/"
"ETHGlobal Frameworks","Frameworks","2024","Base","https://www.base.org/"
"ETHGlobal Frameworks","Frameworks","2024","Optimism","https://optimism.io"
"ETHGlobal Frameworks","Frameworks","2024","N/A","livepeer.org"
"ETHGlobal Frameworks","Frameworks","2024","Thegraph","https://thegraph.com"
"ETHGlobal Frameworks","Frameworks","2024","Bountycaster","https://www.bountycaster.xyz/"
"ETHGlobal Frameworks","Frameworks","2024","Framesjs","https://framesjs.org/"
"ETHGlobal Frameworks","Frameworks","2024","Privy","https://www.privy.io/"
"ETHGlobal Frameworks","Frameworks","2024","Airstack","https://www.airstack.xyz/"
"ETHGlobal Frameworks","Frameworks","2024","Karma3Labs","https://karma3labs.com"
"ETHGlobal Frameworks","Frameworks","2024","Neynar","https://neynar.com"
"ETHGlobal London2024","London2024","2024","Nethermind","https://www.nethermind.io/"
"ETHGlobal London2024","London2024","2024","Arbitrum","https://arbitrum.io/"
"ETHGlobal London2024","London2024","2024","World","https://world.org"
"ETHGlobal London2024","London2024","2024","Plnetwork","https://www.plnetwork.io/"
"ETHGlobal London2024","London2024","2024","Chiliz","https://www.chiliz.com/developers/"
"ETHGlobal London2024","London2024","2024","Circle","https://circle.com"
"ETHGlobal London2024","London2024","2024","Hyperlane","https://www.hyperlane.xyz"
"ETHGlobal London2024","London2024","2024","Pancakeswap","https://pancakeswap.finance/"
"ETHGlobal London2024","London2024","2024","Gnosis","https://www.gnosis.io"
"ETHGlobal London2024","London2024","2024","Uniswapfoundation","https://www.uniswapfoundation.org"
"ETHGlobal London2024","London2024","2024","Base","https://www.base.org/"
"ETHGlobal London2024","London2024","2024","Ens","https://ens.domains"
"ETHGlobal London2024","London2024","2024","Apecoin","https://apecoin.com/"
"ETHGlobal London2024","London2024","2024","Celo","https://www.celo.org"
"ETHGlobal London2024","London2024","2024","Near","https://near.org/"
"ETHGlobal London2024","London2024","2024","Safe","https://safe.global/"
"ETHGlobal London2024","London2024","2024","Ethereum","https://ethereum.foundation/"
"ETHGlobal London2024","London2024","2024","Dynamic","https://www.dynamic.xyz/"
"ETHGlobal London2024","London2024","2024","Availproject","https://www.availproject.org/"
"ETHGlobal London2024","London2024","2024","Aztec","https://aztec.network"
"ETHGlobal London2024","London2024","2024","Flashbots","https://flashbots.net"
"ETHGlobal London2024","London2024","2024","Chain","https://chain.link/"
"ETHGlobal London2024","London2024","2024","Layerzero","https://layerzero.network/"
"ETHGlobal London2024","London2024","2024","Fhenix","https://www.fhenix.io/"
"ETHGlobal London2024","London2024","2024","Nouns","https://nouns.wtf/"
"ETHGlobal London2024","London2024","2024","Galadriel","https://www.galadriel.com/"
"ETHGlobal London2024","London2024","2024","Morpho","https://morpho.org/"
"ETHGlobal Circuitbreaker","Circuitbreaker","2024","Scroll","https://scroll.io"
"ETHGlobal Circuitbreaker","Circuitbreaker","2024","Pse","https://pse.dev/"
"ETHGlobal Circuitbreaker","Circuitbreaker","2024","Sindri","https://www.sindri.app/"
"ETHGlobal Circuitbreaker","Circuitbreaker","2024","Availproject","https://www.availproject.org/"
"ETHGlobal Circuitbreaker","Circuitbreaker","2024","Ironfish","https://ironfish.network/"
"ETHGlobal Circuitbreaker","Circuitbreaker","2024","Aztec","https://aztec.network"
"ETHGlobal Lfgho","Lfgho","2024","Aave","https://aave.com/"
"ETHGlobal Lfgho","Lfgho","2024","Chain","https://chain.link/"
"ETHGlobal Lfgho","Lfgho","2024","Family","https://family.co/"
"ETHGlobal Istanbul","Istanbul","2023","World","https://world.org"
"ETHGlobal Istanbul","Istanbul","2023","Gnosis","https://www.gnosis.io"
"ETHGlobal Istanbul","Istanbul","2023","Lens","https://lens.xyz/"
"ETHGlobal Istanbul","Istanbul","2023","Arbitrum","https://arbitrum.io/"
"ETHGlobal Istanbul","Istanbul","2023","1Inch","https://1inch.io/"
"ETHGlobal Istanbul","Istanbul","2023","Polygon","https://polygon.technology/"
"ETHGlobal Istanbul","Istanbul","2023","Metamask","https://metamask.io/"
"ETHGlobal Istanbul","Istanbul","2023","Reown","https://reown.com/"
"ETHGlobal Istanbul","Istanbul","2023","Chiliz","https://www.chiliz.com/developers/"
"ETHGlobal Istanbul","Istanbul","2023","Spark","https://spark.fi/"
"ETHGlobal Istanbul","Istanbul","2023","Zksync","https://zksync.io/"
"ETHGlobal Istanbul","Istanbul","2023","Plnetwork","https://www.plnetwork.io/"
"ETHGlobal Istanbul","Istanbul","2023","Scroll","https://scroll.io"
"ETHGlobal Istanbul","Istanbul","2023","Chroniclelabs","https://chroniclelabs.org/"
"ETHGlobal Istanbul","Istanbul","2023","Minaprotocol","https://minaprotocol.com/"
"ETHGlobal Istanbul","Istanbul","2023","Flashbots","https://flashbots.net"
"ETHGlobal Istanbul","Istanbul","2023","Axiom","https://www.axiom.xyz/"
"ETHGlobal Istanbul","Istanbul","2023","Waku","https://waku.org/"
"ETHGlobal Istanbul","Istanbul","2023","Cow","https://cow.fi/"
"ETHGlobal Istanbul","Istanbul","2023","Hyperlane","https://www.hyperlane.xyz"
"ETHGlobal Istanbul","Istanbul","2023","Mantle","https://www.mantle.xyz/"
"ETHGlobal Istanbul","Istanbul","2023","Push","https://push.org"
"ETHGlobal Istanbul","Istanbul","2023","Ens","https://ens.domains"
"ETHGlobal Istanbul","Istanbul","2023","Api3","https://api3.org/"
"ETHGlobal Istanbul","Istanbul","2023","Aavegrants","https://aavegrants.org/"
"ETHGlobal Istanbul","Istanbul","2023","Chain","https://chain.link/"
"ETHGlobal Istanbul","Istanbul","2023","Gearbox","https://gearbox.fi/"
"ETHGlobal Istanbul","Istanbul","2023","Celo","https://www.celo.org"
"ETHGlobal Istanbul","Istanbul","2023","Apecoin","https://apecoin.com/"
"ETHGlobal Istanbul","Istanbul","2023","Celestia","https://celestia.org/developer-portal/"
"ETHGlobal Istanbul","Istanbul","2023","Unicef","https://www.unicef.org/innovation/"
"ETHGlobal Istanbul","Istanbul","2023","Base","https://www.base.org/"
"ETHGlobal Istanbul","Istanbul","2023","Mask","https://mask.io/"
"ETHGlobal Istanbul","Istanbul","2023","Starkware","https://starkware.co/"
"ETHGlobal Istanbul","Istanbul","2023","Safe","https://safe.global/"
"ETHGlobal Istanbul","Istanbul","2023","N/A","umaproject.org"
"ETHGlobal Istanbul","Istanbul","2023","Xinfin","https://xinfin.org"
"ETHGlobal Istanbul","Istanbul","2023","Cartesi","https://cartesi.io/"
"ETHGlobal Istanbul","Istanbul","2023","Unlimit","https://www.unlimit.com/"
"ETHGlobal Istanbul","Istanbul","2023","Near","https://near.org/"
"ETHGlobal Istanbul","Istanbul","2023","Aleo","https://www.aleo.org/"
"ETHGlobal Istanbul","Istanbul","2023","Thegraph","https://thegraph.com"
"ETHGlobal Istanbul","Istanbul","2023","Neonevm","https://neonevm.org/"
"ETHGlobal Istanbul","Istanbul","2023","Aztec","https://aztec.network"
"ETHGlobal Istanbul","Istanbul","2023","Curvegrid","http://www.curvegrid.com"
"ETHGlobal Istanbul","Istanbul","2023","Certora","https://www.certora.com/"
"ETHGlobal Istanbul","Istanbul","2023","Arx","https://arx.org"
"ETHGlobal Istanbul","Istanbul","2023","Nouns","https://nouns.wtf/"
"ETHGlobal Istanbul","Istanbul","2023","Threshold","https://threshold.network/"
"ETHGlobal Istanbul","Istanbul","2023","Ethereum","https://ethereum.foundation/"
"ETHGlobal Istanbul","Istanbul","2023","Attest","https://attest.sh"
"Ethonline2023","Ethonline2023","2023","Spark","https://spark.fi/"
"Ethonline2023","Ethonline2023","2023","Scroll","https://scroll.io"
"Ethonline2023","Ethonline2023","2023","Mask","https://mask.io/"
"Ethonline2023","Ethonline2023","2023","Wormhole","https://wormhole.com/"
"Ethonline2023","Ethonline2023","2023","Apecoin","https://apecoin.com/"
"Ethonline2023","Ethonline2023","2023","Mantle","https://www.mantle.xyz/"
"Ethonline2023","Ethonline2023","2023","N/A","umaproject.org"
"Ethonline2023","Ethonline2023","2023","Plnetwork","https://www.plnetwork.io/"
"Ethonline2023","Ethonline2023","2023","Polygon","https://polygon.technology/"
"Ethonline2023","Ethonline2023","2023","Hyperlane","https://www.hyperlane.xyz"
"Ethonline2023","Ethonline2023","2023","Safe","https://safe.global/"
"Ethonline2023","Ethonline2023","2023","Aztec","https://aztec.network"
"Ethonline2023","Ethonline2023","2023","Chain","https://chain.link/"
"Ethonline2023","Ethonline2023","2023","Litprotocol","https://litprotocol.com/"
"Ethonline2023","Ethonline2023","2023","Thegraph","https://thegraph.com"
"Ethonline2023","Ethonline2023","2023","Push","https://push.org"
"Ethonline2023","Ethonline2023","2023","Questbook","https://questbook.app"
"Ethonline2023","Ethonline2023","2023","Axelar","https://axelar.network/"
"Ethonline2023","Ethonline2023","2023","Xmtp","https://xmtp.org/"
"Ethonline2023","Ethonline2023","2023","Uniswapfoundation","https://www.uniswapfoundation.org"
"Ethonline2023","Ethonline2023","2023","Tableland","https://tableland.xyz/"
"Ethonline2023","Ethonline2023","2023","N/A","connext.network"
"Ethonline2023","Ethonline2023","2023","Cometh","https://cometh.io/"
"Ethonline2023","Ethonline2023","2023","Sismo","https://sismo.io/"
"ETHGlobal Newyork2023","Newyork2023","2023","World","https://world.org"
"ETHGlobal Newyork2023","Newyork2023","2023","Arbitrum","https://arbitrum.io/"
"ETHGlobal Newyork2023","Newyork2023","2023","Gnosis","https://www.gnosis.io"
"ETHGlobal Newyork2023","Newyork2023","2023","Uniswapfoundation","https://www.uniswapfoundation.org"
"ETHGlobal Newyork2023","Newyork2023","2023","Polygon","https://polygon.technology/"
"ETHGlobal Newyork2023","Newyork2023","2023","Reown","https://reown.com/"
"ETHGlobal Newyork2023","Newyork2023","2023","Plnetwork","https://www.plnetwork.io/"
"ETHGlobal Newyork2023","Newyork2023","2023","1Inch","https://1inch.io/"
"ETHGlobal Newyork2023","Newyork2023","2023","Scroll","https://scroll.io"
"ETHGlobal Newyork2023","Newyork2023","2023","N/A","umaproject.org"
"ETHGlobal Newyork2023","Newyork2023","2023","Hyperlane","https://www.hyperlane.xyz"
"ETHGlobal Newyork2023","Newyork2023","2023","Biconomy","https://www.biconomy.io/"
"ETHGlobal Newyork2023","Newyork2023","2023","Starkware","https://starkware.co/"
"ETHGlobal Newyork2023","Newyork2023","2023","Base","https://www.base.org/"
"ETHGlobal Newyork2023","Newyork2023","2023","Celo","https://www.celo.org"
"ETHGlobal Newyork2023","Newyork2023","2023","Xmtp","https://xmtp.org/"
"ETHGlobal Newyork2023","Newyork2023","2023","Metamask","https://metamask.io/"
"ETHGlobal Newyork2023","Newyork2023","2023","Mantle","https://www.mantle.xyz/"
"ETHGlobal Newyork2023","Newyork2023","2023","Xinfin","https://xinfin.org"
"ETHGlobal Newyork2023","Newyork2023","2023","Axiom","https://www.axiom.xyz/"
"ETHGlobal Newyork2023","Newyork2023","2023","Apecoin","https://apecoin.com/"
"ETHGlobal Newyork2023","Newyork2023","2023","Aavegrants","https://aavegrants.org/"
"ETHGlobal Newyork2023","Newyork2023","2023","Cartesi","https://cartesi.io/"
"ETHGlobal Newyork2023","Newyork2023","2023","Lens","https://lens.xyz/"
"ETHGlobal Newyork2023","Newyork2023","2023","Airstack","https://www.airstack.xyz/"
"ETHGlobal Newyork2023","Newyork2023","2023","Mask","https://mask.io/"
"ETHGlobal Newyork2023","Newyork2023","2023","Near","https://near.org/"
"ETHGlobal Newyork2023","Newyork2023","2023","Unlimit","https://www.unlimit.com/"
"ETHGlobal Newyork2023","Newyork2023","2023","Ens","https://ens.domains"
"ETHGlobal Newyork2023","Newyork2023","2023","Neonevm","https://neonevm.org/"
"ETHGlobal Newyork2023","Newyork2023","2023","Safe","https://safe.global/"
"ETHGlobal Newyork2023","Newyork2023","2023","Thegraph","https://thegraph.com"
"ETHGlobal Newyork2023","Newyork2023","2023","Axelar","https://axelar.network/"
"ETHGlobal Newyork2023","Newyork2023","2023","Sunscreen","https://sunscreen.tech/"
"ETHGlobal Newyork2023","Newyork2023","2023","N/A","unlock-protocol.com"
"ETHGlobal Newyork2023","Newyork2023","2023","Litprotocol","https://litprotocol.com/"
"ETHGlobal Newyork2023","Newyork2023","2023","Alliance","https://alliance.xyz/"
"ETHGlobal Newyork2023","Newyork2023","2023","Privy","https://www.privy.io/"
"ETHGlobal Newyork2023","Newyork2023","2023","Monaverse","https://monaverse.com/"
"ETHGlobal Newyork2023","Newyork2023","2023","Nouns","https://nouns.wtf/"
"ETHGlobal Newyork2023","Newyork2023","2023","Quicknode","https://www.quicknode.com/"
"ETHGlobal Newyork2023","Newyork2023","2023","N/A","fuel.network"
"ETHGlobal Newyork2023","Newyork2023","2023","Ethereum","https://ethereum.foundation/"
"ETHGlobal Newyork2023","Newyork2023","2023","Aleo","https://www.aleo.org/"
"ETHGlobal Newyork2023","Newyork2023","2023","Flashbots","https://flashbots.net"
"ETHGlobal Newyork2023","Newyork2023","2023","Questbook","https://questbook.app"
"ETHGlobal Superhack","Superhack","2023","Optimism","https://optimism.io"
"ETHGlobal Superhack","Superhack","2023","Base","https://www.base.org/"
"ETHGlobal Superhack","Superhack","2023","World","https://world.org"
"ETHGlobal Superhack","Superhack","2023","N/A","ourzora.com"
"ETHGlobal Superhack","Superhack","2023","Chain","https://chain.link/"
"ETHGlobal Superhack","Superhack","2023","Hyperlane","https://www.hyperlane.xyz"
"ETHGlobal Superhack","Superhack","2023","Layerzero","https://layerzero.network/"
"ETHGlobal Superhack","Superhack","2023","Docs","https://docs.mode.network/"
"ETHGlobal Superhack","Superhack","2023","Thegraph","https://thegraph.com"
"ETHGlobal Superhack","Superhack","2023","N/A","covalenthq.com"
"ETHGlobal Superhack","Superhack","2023","Safe","https://safe.global/"
"ETHGlobal Superhack","Superhack","2023","Attest","https://attest.sh"
"ETHGlobal Paris2023","Paris2023","2023","Minaprotocol","https://minaprotocol.com/"
"ETHGlobal Paris2023","Paris2023","2023","Spark","https://spark.fi/"
"ETHGlobal Paris2023","Paris2023","2023","World","https://world.org"
"ETHGlobal Paris2023","Paris2023","2023","Polygon","https://polygon.technology/"
"ETHGlobal Paris2023","Paris2023","2023","Plnetwork","https://www.plnetwork.io/"
"ETHGlobal Paris2023","Paris2023","2023","Reown","https://reown.com/"
"ETHGlobal Paris2023","Paris2023","2023","1Inch","https://1inch.io/"
"ETHGlobal Paris2023","Paris2023","2023","Gnosis","https://www.gnosis.io"
"ETHGlobal Paris2023","Paris2023","2023","Metamask","https://metamask.io/"
"ETHGlobal Paris2023","Paris2023","2023","Neonevm","https://neonevm.org/"
"ETHGlobal Paris2023","Paris2023","2023","Mantle","https://www.mantle.xyz/"
"ETHGlobal Paris2023","Paris2023","2023","Ethereum","https://ethereum.foundation/"
"ETHGlobal Paris2023","Paris2023","2023","Apecoin","https://apecoin.com/"
"ETHGlobal Paris2023","Paris2023","2023","Near","https://near.org/"
"ETHGlobal Paris2023","Paris2023","2023","Sismo","https://sismo.io/"
"ETHGlobal Paris2023","Paris2023","2023","Safe","https://safe.global/"
"ETHGlobal Paris2023","Paris2023","2023","Mask","https://mask.io/"
"ETHGlobal Paris2023","Paris2023","2023","Zetachain","https://www.zetachain.com/"
"ETHGlobal Paris2023","Paris2023","2023","Chain","https://chain.link/"
"ETHGlobal Paris2023","Paris2023","2023","Attest","https://attest.sh"
"ETHGlobal Paris2023","Paris2023","2023","Biconomy","https://www.biconomy.io/"
"ETHGlobal Paris2023","Paris2023","2023","Push","https://push.org"
"ETHGlobal Paris2023","Paris2023","2023","Airstack","https://www.airstack.xyz/"
"ETHGlobal Paris2023","Paris2023","2023","Starkware","https://starkware.co/"
"ETHGlobal Paris2023","Paris2023","2023","N/A","umaproject.org"
"ETHGlobal Paris2023","Paris2023","2023","Celo","https://www.celo.org"
"ETHGlobal Paris2023","Paris2023","2023","Xmtp","https://xmtp.org/"
"ETHGlobal Paris2023","Paris2023","2023","Zksync","https://zksync.io/"
"ETHGlobal Paris2023","Paris2023","2023","Hyperlane","https://www.hyperlane.xyz"
"ETHGlobal Paris2023","Paris2023","2023","Cartesi","https://cartesi.io/"
"ETHGlobal Paris2023","Paris2023","2023","Zkbob","https://www.zkbob.com/"
"ETHGlobal Paris2023","Paris2023","2023","Thegraph","https://thegraph.com"
"ETHGlobal Paris2023","Paris2023","2023","Flashbots","https://flashbots.net"
"ETHGlobal Paris2023","Paris2023","2023","Nouns","https://nouns.wtf/"
"ETHGlobal Paris2023","Paris2023","2023","Axelar","https://axelar.network/"
"ETHGlobal Paris2023","Paris2023","2023","Dfns","https://www.dfns.co/"
"ETHGlobal Paris2023","Paris2023","2023","Aragon","https://aragon.org/"
"ETHGlobal Paris2023","Paris2023","2023","Quicknode","https://www.quicknode.com/"
"ETHGlobal Paris2023","Paris2023","2023","Litprotocol","https://litprotocol.com/"
"ETHGlobal Waterloo2023","Waterloo2023","2023","Gnosis","https://www.gnosis.io"
"ETHGlobal Waterloo2023","Waterloo2023","2023","World","https://world.org"
"ETHGlobal Waterloo2023","Waterloo2023","2023","Airstack","https://www.airstack.xyz/"
"ETHGlobal Waterloo2023","Waterloo2023","2023","Hyperlane","https://www.hyperlane.xyz"
"ETHGlobal Waterloo2023","Waterloo2023","2023","Tokenbound","https://tokenbound.org/"
"ETHGlobal Waterloo2023","Waterloo2023","2023","N/A","umaproject.org"
"ETHGlobal Waterloo2023","Waterloo2023","2023","Plnetwork","https://www.plnetwork.io/"
"ETHGlobal Waterloo2023","Waterloo2023","2023","Near","https://near.org/"
"ETHGlobal Waterloo2023","Waterloo2023","2023","Polygon","https://polygon.technology/"
"ETHGlobal Waterloo2023","Waterloo2023","2023","Sismo","https://sismo.io/"
"ETHGlobal Waterloo2023","Waterloo2023","2023","Apecoin","https://apecoin.com/"
"ETHGlobal Waterloo2023","Waterloo2023","2023","Xinfin","https://xinfin.org"
"ETHGlobal Waterloo2023","Waterloo2023","2023","Delv","https://www.delv.tech/"
"ETHGlobal Waterloo2023","Waterloo2023","2023","Thegraph","https://thegraph.com"
"ETHGlobal Waterloo2023","Waterloo2023","2023","Xmtp","https://xmtp.org/"
"ETHGlobal Waterloo2023","Waterloo2023","2023","Litprotocol","https://litprotocol.com/"
"ETHGlobal Waterloo2023","Waterloo2023","2023","Spark","https://spark.fi/"
"ETHGlobal Waterloo2023","Waterloo2023","2023","Quantstamp","https://quantstamp.com/"
"ETHGlobal Waterloo2023","Waterloo2023","2023","Quicknode","https://www.quicknode.com/"
"ETHGlobal Waterloo2023","Waterloo2023","2023","Metamask","https://metamask.io/"
"ETHGlobal Waterloo2023","Waterloo2023","2023","Questbook","https://questbook.app"
"ETHGlobal Waterloo2023","Waterloo2023","2023","N/A","unsheth.xyz"
"ETHGlobal Waterloo2023","Waterloo2023","2023","Attest","https://attest.sh"
"ETHGlobal Waterloo2023","Waterloo2023","2023","Risczero","https://www.risczero.com/"
"ETHGlobal Waterloo2023","Waterloo2023","2023","Highlight","https://highlight.xyz/"
"ETHGlobal Waterloo2023","Waterloo2023","2023","Nouns","https://nouns.wtf/"
"ETHGlobal Waterloo2023","Waterloo2023","2023","N/A","unlock-protocol.com"
"ETHGlobal Hackfs2023","Hackfs2023","2023","Plnetwork","https://www.plnetwork.io/"
"ETHGlobal Hackfs2023","Hackfs2023","2023","N/A","bacalhau.org"
"ETHGlobal Hackfs2023","Hackfs2023","2023","Apecoin","https://apecoin.com/"
"ETHGlobal Hackfs2023","Hackfs2023","2023","Ipfs","https://ipfs.tech/"
"ETHGlobal Hackfs2023","Hackfs2023","2023","Dataverse Os","https://dataverse-os.com/"
"ETHGlobal Hackfs2023","Hackfs2023","2023","Libp2P","https://libp2p.io/"
"ETHGlobal Hackfs2023","Hackfs2023","2023","Litprotocol","https://litprotocol.com/"
"ETHGlobal Hackfs2023","Hackfs2023","2023","Spheron","https://spheron.network"
"ETHGlobal Hackfs2023","Hackfs2023","2023","Ens","https://ens.domains"
"ETHGlobal Hackfs2023","Hackfs2023","2023","Push","https://push.org"
"ETHGlobal Hackfs2023","Hackfs2023","2023","Ipc","http://ipc.space/"
"ETHGlobal Hackfs2023","Hackfs2023","2023","N/A","huddle01.com"
"ETHGlobal Hackfs2023","Hackfs2023","2023","N/A","livepeer.org"
"ETHGlobal Hackfs2023","Hackfs2023","2023","Polybase","https://polybase.xyz/"
"ETHGlobal Hackfs2023","Hackfs2023","2023","Tableland","https://tableland.xyz/"
"ETHGlobal Hackfs2023","Hackfs2023","2023","Saturn","https://saturn.tech"
"ETHGlobal Hackfs2023","Hackfs2023","2023","Ceramic","https://ceramic.network/"
"ETHGlobal Hackfs2023","Hackfs2023","2023","N/A","chainsafe.io"
"ETHGlobal Hackfs2023","Hackfs2023","2023","Monaverse","https://monaverse.com/"
"ETHGlobal Hackfs2023","Hackfs2023","2023","Nft","https://nft.storage/"
"ETHGlobal Hackfs2023","Hackfs2023","2023","Docs","https://docs.filecoindata.tools/"
"ETHGlobal Hackfs2023","Hackfs2023","2023","Lighthouse","https://www.lighthouse.storage/"
"ETHGlobal Hackfs2023","Hackfs2023","2023","Drand","https://drand.love/"
"ETHGlobal Hackfs2023","Hackfs2023","2023","Zondax","https://zondax.ch/"
"ETHGlobal Hackfs2023","Hackfs2023","2023","N/A","fission.codes"
"ETHGlobal Autonomous","Autonomous","2023","Optimism","https://optimism.io"
"ETHGlobal Autonomous","Autonomous","2023","0Xparc","https://0xparc.org/"
"ETHGlobal Autonomous","Autonomous","2023","Lattice","https://lattice.xyz/"
"ETHGlobal Autonomous","Autonomous","2023","Nft","https://nft.storage/"
"ETHGlobal Lisbon","Lisbon","2023","Gnosis","https://www.gnosis.io"
"ETHGlobal Lisbon","Lisbon","2023","1Inch","https://1inch.io/"
"ETHGlobal Lisbon","Lisbon","2023","Polygon","https://polygon.technology/"
"ETHGlobal Lisbon","Lisbon","2023","Optimism","https://optimism.io"
"ETHGlobal Lisbon","Lisbon","2023","World","https://world.org"
"ETHGlobal Lisbon","Lisbon","2023","Apecoin","https://apecoin.com/"
"ETHGlobal Lisbon","Lisbon","2023","Zkbob","https://www.zkbob.com/"
"ETHGlobal Lisbon","Lisbon","2023","Safe","https://safe.global/"
"ETHGlobal Lisbon","Lisbon","2023","Airstack","https://www.airstack.xyz/"
"ETHGlobal Lisbon","Lisbon","2023","Ethereum","https://ethereum.foundation/"
"ETHGlobal Lisbon","Lisbon","2023","Cartesi","https://cartesi.io/"
"ETHGlobal Lisbon","Lisbon","2023","N/A","umaproject.org"
"ETHGlobal Lisbon","Lisbon","2023","Metamask","https://metamask.io/"
"ETHGlobal Lisbon","Lisbon","2023","Plnetwork","https://www.plnetwork.io/"
"ETHGlobal Lisbon","Lisbon","2023","Lens","https://lens.xyz/"
"ETHGlobal Lisbon","Lisbon","2023","Uniswapfoundation","https://www.uniswapfoundation.org"
"ETHGlobal Lisbon","Lisbon","2023","Aavegrants","https://aavegrants.org/"
"ETHGlobal Lisbon","Lisbon","2023","Thegraph","https://thegraph.com"
"ETHGlobal Lisbon","Lisbon","2023","N/A","fuel.network"
"ETHGlobal Lisbon","Lisbon","2023","Sismo","https://sismo.io/"
"ETHGlobal Lisbon","Lisbon","2023","Neonevm","https://neonevm.org/"
"ETHGlobal Lisbon","Lisbon","2023","Scroll","https://scroll.io"
"ETHGlobal Lisbon","Lisbon","2023","Chain","https://chain.link/"
"ETHGlobal Lisbon","Lisbon","2023","Nouns","https://nouns.wtf/"
"ETHGlobal Lisbon","Lisbon","2023","Mantle","https://www.mantle.xyz/"
"ETHGlobal Tokyo","Tokyo","2023","World","https://world.org"
"ETHGlobal Tokyo","Tokyo","2023","Polygon","https://polygon.technology/"
"ETHGlobal Tokyo","Tokyo","2023","Ethereum","https://ethereum.foundation/"
"ETHGlobal Tokyo","Tokyo","2023","1Inch","https://1inch.io/"
"ETHGlobal Tokyo","Tokyo","2023","Minaprotocol","https://minaprotocol.com/"
"ETHGlobal Tokyo","Tokyo","2023","Lens","https://lens.xyz/"
"ETHGlobal Tokyo","Tokyo","2023","Gnosis","https://www.gnosis.io"
"ETHGlobal Tokyo","Tokyo","2023","Taiko","https://taiko.xyz/"
"ETHGlobal Tokyo","Tokyo","2023","Metamask","https://metamask.io/"
"ETHGlobal Tokyo","Tokyo","2023","Hyperlane","https://www.hyperlane.xyz"
"ETHGlobal Tokyo","Tokyo","2023","Zkbob","https://www.zkbob.com/"
"ETHGlobal Tokyo","Tokyo","2023","Plnetwork","https://www.plnetwork.io/"
"ETHGlobal Tokyo","Tokyo","2023","Celo","https://www.celo.org"
"ETHGlobal Tokyo","Tokyo","2023","Apecoin","https://apecoin.com/"
"ETHGlobal Tokyo","Tokyo","2023","N/A","umaproject.org"
"ETHGlobal Tokyo","Tokyo","2023","Airstack","https://www.airstack.xyz/"
"ETHGlobal Tokyo","Tokyo","2023","Safe","https://safe.global/"
"ETHGlobal Tokyo","Tokyo","2023","Aavegrants","https://aavegrants.org/"
"ETHGlobal Tokyo","Tokyo","2023","Thegraph","https://thegraph.com"
"ETHGlobal Tokyo","Tokyo","2023","Bunzz","https://bunzz.dev"
"ETHGlobal Tokyo","Tokyo","2023","Reazon","https://reazon.jp/"
"ETHGlobal Tokyo","Tokyo","2023","N/A","#"
"ETHGlobal Tokyo","Tokyo","2023","Scroll","https://scroll.io"
"ETHGlobal Tokyo","Tokyo","2023","Quantstamp","https://quantstamp.com/"
"ETHGlobal Tokyo","Tokyo","2023","N/A","livepeer.org"
"ETHGlobal Tokyo","Tokyo","2023","Sismo","https://sismo.io/"
"ETHGlobal Tokyo","Tokyo","2023","Uniswapfoundation","https://www.uniswapfoundation.org"
"ETHGlobal Tokyo","Tokyo","2023","N/A","huddle01.com"
"ETHGlobal Tokyo","Tokyo","2023","Developers","https://developers.intmax.io/"
"ETHGlobal Tokyo","Tokyo","2023","Quicknode","https://www.quicknode.com/"
"ETHGlobal Tokyo","Tokyo","2023","N/A","superfluid.finance"
"ETHGlobal Tokyo","Tokyo","2023","Push","https://push.org"
"ETHGlobal Tokyo","Tokyo","2023","N/A","secured.finance"
"ETHGlobal Tokyo","Tokyo","2023","Litprotocol","https://litprotocol.com/"
"ETHGlobal Tokyo","Tokyo","2023","Mantle","https://www.mantle.xyz/"
"ETHGlobal Tokyo","Tokyo","2023","Curvegrid","http://www.curvegrid.com"
"ETHGlobal Scaling2023","Scaling2023","2023","Optimism","https://optimism.io"
"ETHGlobal Scaling2023","Scaling2023","2023","Gnosis","https://www.gnosis.io"
"ETHGlobal Scaling2023","Scaling2023","2023","Scroll","https://scroll.io"
"ETHGlobal Scaling2023","Scaling2023","2023","Polygon","https://polygon.technology/"
"ETHGlobal Scaling2023","Scaling2023","2023","N/A","umaproject.org"
"ETHGlobal Scaling2023","Scaling2023","2023","Plnetwork","https://www.plnetwork.io/"
"ETHGlobal Scaling2023","Scaling2023","2023","Hyperlane","https://www.hyperlane.xyz"
"ETHGlobal Scaling2023","Scaling2023","2023","Apecoin","https://apecoin.com/"
"ETHGlobal Scaling2023","Scaling2023","2023","N/A","fuel.network"
"ETHGlobal Scaling2023","Scaling2023","2023","Taiko","https://taiko.xyz/"
"ETHGlobal Scaling2023","Scaling2023","2023","Thegraph","https://thegraph.com"
"ETHGlobal Scaling2023","Scaling2023","2023","Developers","https://developers.intmax.io/"
"ETHGlobal Scaling2023","Scaling2023","2023","Mantle","https://www.mantle.xyz/"
"ETHGlobal Scaling2023","Scaling2023","2023","Push","https://push.org"
"ETHGlobal Scaling2023","Scaling2023","2023","Zksync","https://zksync.io/"
"ETHGlobal Scaling2023","Scaling2023","2023","Polybase","https://polybase.xyz/"
"ETHGlobal Scaling2023","Scaling2023","2023","N/A","connext.network"
"ETHGlobal Spacewarp","Spacewarp","2023","Plnetwork","https://www.plnetwork.io/"
"ETHGlobal Spacewarp","Spacewarp","2023","Lighthouse","https://www.lighthouse.storage/"
"ETHGlobal Spacewarp","Spacewarp","2023","N/A","livepeer.org"
"ETHGlobal Spacewarp","Spacewarp","2023","N/A","huddle01.com"
"ETHGlobal Spacewarp","Spacewarp","2023","Push","https://push.org"
"ETHGlobal Spacewarp","Spacewarp","2023","Spheron","https://spheron.network"
